hour,sentiment,tweets,topics,sampleTweets,hashtags
Tue Jun 30 19:00:03 UTC 2015,false,292,null,null,null
Tue Jun 30 19:00:03 UTC 2015,true,371,null,null,null
Tue Jun 30 20:00:03 UTC 2015,false,319,null,null,null
Tue Jun 30 20:00:03 UTC 2015,true,355,null,null,null
Tue Jun 30 21:00:03 UTC 2015,false,257,null,null,null
Tue Jun 30 21:00:03 UTC 2015,true,493,null,null,null
Tue Jun 30 22:00:03 UTC 2015,false,217,null,null,null
Tue Jun 30 22:00:03 UTC 2015,true,356,null,null,null
Tue Jun 30 23:00:03 UTC 2015,false,221,null,null,null
Tue Jun 30 23:00:03 UTC 2015,true,262,null,null,null
Wed Jul 01 00:00:03 UTC 2015,false,173,null,null,null
Wed Jul 01 00:00:03 UTC 2015,true,177,null,null,null
Wed Jul 01 01:00:03 UTC 2015,false,109,null,null,null
Wed Jul 01 01:00:03 UTC 2015,true,146,null,null,null
Wed Jul 01 02:00:03 UTC 2015,false,95,null,null,null
Wed Jul 01 02:00:03 UTC 2015,true,133,null,null,null
Wed Jul 01 03:00:03 UTC 2015,false,87,null,null,null
Wed Jul 01 03:00:03 UTC 2015,true,119,null,null,null
Wed Jul 01 04:00:03 UTC 2015,false,162,null,null,null
Wed Jul 01 04:00:03 UTC 2015,true,215,null,null,null
Wed Jul 01 05:00:03 UTC 2015,false,163,null,null,null
Wed Jul 01 05:00:03 UTC 2015,true,334,null,null,null
Wed Jul 01 06:00:03 UTC 2015,false,159,null,null,null
Wed Jul 01 06:00:03 UTC 2015,true,245,null,null,null
Wed Jul 01 07:00:03 UTC 2015,false,286,null,null,null
Wed Jul 01 07:00:03 UTC 2015,true,306,null,null,null
Wed Jul 01 08:00:03 UTC 2015,false,164,null,null,null
Wed Jul 01 08:00:03 UTC 2015,true,264,null,null,null
Wed Jul 01 09:00:03 UTC 2015,false,289,null,null,null
Wed Jul 01 09:00:03 UTC 2015,true,521,null,null,null
Wed Jul 01 10:00:03 UTC 2015,false,486,null,null,null
Wed Jul 01 10:00:03 UTC 2015,true,787,null,null,null
Wed Jul 01 11:00:03 UTC 2015,false,647,null,null,null
Wed Jul 01 11:00:03 UTC 2015,true,803,null,null,null
Wed Jul 01 12:00:03 UTC 2015,false,469,null,null,null
Wed Jul 01 12:00:03 UTC 2015,true,547,null,null,null
Wed Jul 01 13:00:03 UTC 2015,false,861,null,null,null
Wed Jul 01 13:00:03 UTC 2015,true,803,null,null,null
Wed Jul 01 14:00:03 UTC 2015,false,740,null,null,null
Wed Jul 01 14:00:03 UTC 2015,true,743,null,null,null
Wed Jul 01 15:00:03 UTC 2015,false,1599,null,null,null
Wed Jul 01 15:00:03 UTC 2015,true,1296,null,null,null
Wed Jul 01 16:00:03 UTC 2015,false,1221,"pti,khan,imran,pakistan,ppp,salary,punjab,months,salaries,punctures","RT @firstpost: Govt notifies 3-month compliance window till 30 September for declaration of undisclosed foreign assets under the new black …|@ImranKhanPTI  as a old member of pti I protest against involvement of reham bhabi in Pti politics.|RT @buriroGM: How shameful after calling parliament fake, attacked on it &amp; resined, PTI Ghost Parliamentarians got salary #ZeroAttendanceFu…","ikongeo,pti,ik,noonecpbhaibhai,zeroattendancefullsalary,pakistan,جھوٹ_کاکپتان_عمران,imrankhan,kpkupdates,ppp"
Wed Jul 01 16:00:03 UTC 2015,true,1020,"pti,khan,pakistan,judicial,imran,today,commission,pmln,election,rigging","#BajrangiBhaijaan: BeingSalmanKhan promises to visit #Pakistan to attend premiere http://t.co/aTLU3igJTf #IndiaTV http://t.co/5esAdtHTIP|Congrats to my dudes graduating today from PTI|RT @PTIofficial: Mr. Amir Dogar elected Member National Assembly from Multan also joined #PTI today","ikongeo,pti,noonecpbhaibhai,رائیونڈ_کی_بجلی_بندکرو,pakistan,میری_زندگی_کا_مقصد,bajrangibhaijaan,imrankhan,ik,indiatv"
Wed Jul 01 17:00:03 UTC 2015,false,1108,null,null,null
Wed Jul 01 17:00:03 UTC 2015,true,1025,null,null,null
Wed Jul 01 18:00:03 UTC 2015,false,945,null,null,null
Wed Jul 01 18:00:03 UTC 2015,true,1056,null,null,null
Wed Jul 01 19:00:03 UTC 2015,false,716,null,null,null
Wed Jul 01 19:00:03 UTC 2015,true,845,null,null,null
Wed Jul 01 20:00:03 UTC 2015,false,676,null,null,null
Wed Jul 01 20:00:03 UTC 2015,true,607,null,null,null
Wed Jul 01 21:00:03 UTC 2015,false,547,null,null,null
Wed Jul 01 21:00:03 UTC 2015,true,502,null,null,null
Wed Jul 01 22:00:03 UTC 2015,false,487,null,null,null
Wed Jul 01 22:00:03 UTC 2015,true,509,null,null,null
Wed Jul 01 23:00:03 UTC 2015,false,305,null,null,null
Wed Jul 01 23:00:03 UTC 2015,true,300,null,null,null
Thu Jul 02 00:00:03 UTC 2015,false,279,null,null,null
Thu Jul 02 00:00:03 UTC 2015,true,457,null,null,null
Thu Jul 02 01:00:03 UTC 2015,false,158,null,null,null
Thu Jul 02 01:00:03 UTC 2015,true,216,null,null,null
Thu Jul 02 02:00:03 UTC 2015,false,191,null,null,null
Thu Jul 02 02:00:03 UTC 2015,true,234,null,null,null
Thu Jul 02 03:00:03 UTC 2015,false,198,null,null,null
Thu Jul 02 03:00:03 UTC 2015,true,181,null,null,null
Thu Jul 02 04:00:03 UTC 2015,false,180,null,null,null
Thu Jul 02 04:00:03 UTC 2015,true,232,null,null,null
Thu Jul 02 05:00:03 UTC 2015,false,342,null,null,null
Thu Jul 02 05:00:03 UTC 2015,true,255,null,null,null
Thu Jul 02 06:00:03 UTC 2015,false,526,null,null,null
Thu Jul 02 06:00:03 UTC 2015,true,584,null,null,null
Thu Jul 02 07:00:03 UTC 2015,false,761,null,null,null
Thu Jul 02 07:00:03 UTC 2015,true,688,null,null,null
Thu Jul 02 08:00:03 UTC 2015,false,969,null,null,null
Thu Jul 02 08:00:03 UTC 2015,true,989,null,null,null
Thu Jul 02 09:00:03 UTC 2015,false,983,"pti,pakistan,khan,imran,rafique,saad,struggle,punctures,puncture,hamid",RT @_Mans00r: Trying to locate my younger brother (A PTI follower). He has been hiding since the '35 puncture' scandal collapsed :)|RT @KPKUpdates: Security reviewed for Local Government re-polling  @htakpk @LocalGovtKP #KPPolice #KPKUpdates   http://t.co/zrFLUpDr1d|#WeStandWithNaeemUlHaq insafians u shudn't try to defame @naeemul_haque for the sake of PTI,"pti,عمران_بچائے_گا_پاکستان,westandwithnaeemulhaq,sacknaeemulhaque,wedemandreelections,ik,noonfailsecpderails,pakistan,breaking,gujranwala"
Thu Jul 02 09:00:03 UTC 2015,true,1679,"pti,khan,pakistan,leader,trend,imran,plastics,punctures,trust,party","RT @kashifviews: Unlike most trends, #SackNaeemulHaque is not funded by anyone, it is fueled by a passion for PTI.|Zero credibility, zero political vision and Only liability for #PTI. This is Naeem ul Haq. #SackNaeemUlHaque|@ImranKhanPTI 16 arrested with arms, Bhatta money &amp; Zakat Fitra receipts  http://t.co/S8MWr9jDej #Azadimarchpti #Pakistan","عمران_بچائے_گا_پاکستان,pti,wedemandreelections,westandwithnaeemulhaq,noonfailsecpderails,ik,sacknaeemulhaque,imrankhan,nayapakistan,pakistan"
Thu Jul 02 10:00:03 UTC 2015,false,713,null,null,null
Thu Jul 02 10:00:03 UTC 2015,true,1035,null,null,null
Thu Jul 02 11:00:03 UTC 2015,false,808,null,null,null
Thu Jul 02 11:00:03 UTC 2015,true,758,null,null,null
Thu Jul 02 12:00:03 UTC 2015,false,623,null,null,null
Thu Jul 02 12:00:03 UTC 2015,true,711,null,null,null
Thu Jul 02 13:00:03 UTC 2015,false,901,null,null,null
Thu Jul 02 13:00:03 UTC 2015,true,1256,null,null,null
Thu Jul 02 14:00:03 UTC 2015,false,490,null,null,null
Thu Jul 02 14:00:03 UTC 2015,true,552,null,null,null
Thu Jul 02 15:00:03 UTC 2015,false,1080,null,null,null
Thu Jul 02 15:00:03 UTC 2015,true,687,null,null,null
Thu Jul 02 16:00:03 UTC 2015,false,864,null,null,null
Thu Jul 02 16:00:03 UTC 2015,true,867,null,null,null
Thu Jul 02 17:00:03 UTC 2015,false,949,null,null,null
Thu Jul 02 17:00:03 UTC 2015,true,798,null,null,null
Thu Jul 02 18:00:03 UTC 2015,false,708,null,null,null
Thu Jul 02 18:00:03 UTC 2015,true,616,null,null,null
Thu Jul 02 19:00:03 UTC 2015,false,676,null,null,null
Thu Jul 02 19:00:03 UTC 2015,true,464,null,null,null
Thu Jul 02 20:00:03 UTC 2015,false,420,null,null,null
Thu Jul 02 20:00:03 UTC 2015,true,587,null,null,null
Thu Jul 02 21:00:03 UTC 2015,false,580,null,null,null
Thu Jul 02 21:00:03 UTC 2015,true,574,null,null,null
Thu Jul 02 22:00:03 UTC 2015,false,516,null,null,null
Thu Jul 02 22:00:03 UTC 2015,true,323,null,null,null
Thu Jul 02 23:00:03 UTC 2015,false,325,null,null,null
Thu Jul 02 23:00:03 UTC 2015,true,292,null,null,null
Fri Jul 03 00:00:03 UTC 2015,false,254,null,null,null
Fri Jul 03 00:00:03 UTC 2015,true,249,null,null,null
Fri Jul 03 01:00:03 UTC 2015,false,416,null,null,null
Fri Jul 03 01:00:03 UTC 2015,true,357,null,null,null
Fri Jul 03 02:00:03 UTC 2015,false,170,null,null,null
Fri Jul 03 02:00:03 UTC 2015,true,203,null,null,null
Fri Jul 03 03:00:03 UTC 2015,false,220,null,null,null
Fri Jul 03 03:00:03 UTC 2015,true,224,null,null,null
Fri Jul 03 04:00:03 UTC 2015,false,309,null,null,null
Fri Jul 03 04:00:03 UTC 2015,true,236,null,null,null
Fri Jul 03 05:00:03 UTC 2015,false,367,null,null,null
Fri Jul 03 05:00:03 UTC 2015,true,232,null,null,null
Fri Jul 03 06:00:03 UTC 2015,false,399,null,null,null
Fri Jul 03 06:00:03 UTC 2015,true,307,null,null,null
Fri Jul 03 07:00:03 UTC 2015,false,313,null,null,null
Fri Jul 03 07:00:03 UTC 2015,true,426,null,null,null
Fri Jul 03 08:00:03 UTC 2015,false,349,null,null,null
Fri Jul 03 08:00:03 UTC 2015,true,344,null,null,null
Fri Jul 03 09:00:03 UTC 2015,false,722,null,null,null
Fri Jul 03 09:00:03 UTC 2015,true,595,null,null,null
Fri Jul 03 10:00:03 UTC 2015,false,765,null,null,null
Fri Jul 03 10:00:03 UTC 2015,true,783,null,null,null
Fri Jul 03 11:00:03 UTC 2015,false,732,null,null,null
Fri Jul 03 11:00:03 UTC 2015,true,656,null,null,null
Fri Jul 03 12:00:03 UTC 2015,false,608,null,null,null
Fri Jul 03 12:00:03 UTC 2015,true,614,null,null,null
Fri Jul 03 13:00:03 UTC 2015,false,427,null,null,null
Fri Jul 03 13:00:03 UTC 2015,true,421,null,null,null
Fri Jul 03 14:00:03 UTC 2015,false,497,null,null,null
Fri Jul 03 14:00:03 UTC 2015,true,386,null,null,null
Fri Jul 03 15:00:03 UTC 2015,false,851,null,null,null
Fri Jul 03 15:00:03 UTC 2015,true,876,null,null,null
Fri Jul 03 16:00:03 UTC 2015,false,708,null,null,null
Fri Jul 03 16:00:03 UTC 2015,true,625,null,null,null
Fri Jul 03 17:00:03 UTC 2015,false,1249,"pti,rafique,saad,rabbani,hina,khar,make,shame,pakistan,joining",@najamsethi pti has punctured after this hilarious saga. :)|@AnjumIqbalPTI @ImranKhanPTI oviouisly imran khan|RT @ImranKhanPTI: MQM's only redemption lies in suing BBC for what are treason charges. MQM has sued me &amp; other PTI ldrs plus media ppl on …,"قاتل_خواجہ_استعفی_دو,pti,banigala,pakistan,ik,pmln,قاتل,kpk,tazatareenkhabar,ppp"
Fri Jul 03 17:00:03 UTC 2015,true,666,null,null,null
Fri Jul 03 18:00:03 UTC 2015,false,1104,null,null,null
Fri Jul 03 18:00:03 UTC 2015,true,654,null,null,null
Fri Jul 03 19:00:03 UTC 2015,false,660,null,null,null
Fri Jul 03 19:00:03 UTC 2015,true,440,null,null,null
Fri Jul 03 20:00:03 UTC 2015,false,743,null,null,null
Fri Jul 03 20:00:03 UTC 2015,true,508,null,null,null
Fri Jul 03 21:00:03 UTC 2015,false,647,null,null,null
Fri Jul 03 21:00:03 UTC 2015,true,449,null,null,null
Fri Jul 03 22:00:03 UTC 2015,false,436,null,null,null
Fri Jul 03 22:00:03 UTC 2015,true,428,null,null,null
Fri Jul 03 23:00:03 UTC 2015,false,319,null,null,null
Fri Jul 03 23:00:03 UTC 2015,true,295,null,null,null
Sat Jul 04 00:00:03 UTC 2015,false,312,null,null,null
Sat Jul 04 00:00:03 UTC 2015,true,265,null,null,null
Sat Jul 04 01:00:03 UTC 2015,false,239,null,null,null
Sat Jul 04 01:00:03 UTC 2015,true,159,null,null,null
Sat Jul 04 02:00:03 UTC 2015,false,220,null,null,null
Sat Jul 04 02:00:03 UTC 2015,true,166,null,null,null
Sat Jul 04 03:00:03 UTC 2015,false,197,null,null,null
Sat Jul 04 03:00:03 UTC 2015,true,385,null,null,null
Sat Jul 04 04:00:03 UTC 2015,false,203,null,null,null
Sat Jul 04 04:00:03 UTC 2015,true,199,null,null,null
Sat Jul 04 05:00:03 UTC 2015,false,182,null,null,null
Sat Jul 04 05:00:03 UTC 2015,true,180,null,null,null
Sat Jul 04 06:00:03 UTC 2015,false,316,null,null,null
Sat Jul 04 06:00:03 UTC 2015,true,358,null,null,null
Sat Jul 04 07:00:03 UTC 2015,false,289,null,null,null
Sat Jul 04 07:00:03 UTC 2015,true,424,null,null,null
Sat Jul 04 08:00:03 UTC 2015,false,407,null,null,null
Sat Jul 04 08:00:03 UTC 2015,true,510,null,null,null
Sat Jul 04 09:00:03 UTC 2015,false,655,null,null,null
Sat Jul 04 09:00:03 UTC 2015,true,825,null,null,null
Sat Jul 04 10:00:03 UTC 2015,false,683,"pti,electricity,kpk,khan,ayaz,lawyer,failed,counter,power,evidence",Hina Rabani Khar likely to Join PTI. http://t.co/UGJkqRxcIv|RT @rassad7: Asma Jhangir branded #IK as taliban khan yet herself appeared to be Terrorists Apologist   #WhyAdliaSupportingTerror http://t.…|RT @PTI_tsunami: PTI's Fayyaz ul Chohan is a prime exponent of this art.  http://t.co/4rfzfnaItA,"pti,shutupayazmunafiq,kpgreenenergy,پٹواری_لیگ_کے_دن_ختم,ik,karachi,kpk,pakistan,pmln,ppp"
Sat Jul 04 10:00:03 UTC 2015,true,1040,"pti,khan,project,chairman,hydel,power,kpk,http,koto,pakistan","@Hafffsa if u sopport PTI dan for heavens stop trolling Reham Khan by teaming vid Pro PPP idiots... thnx|RT @MurtazaGeoNews: #PTI leader n spokesperson Naeem-ul-Haque further punctures #35Punctures lie -  admits on @TalatHussain12 show #PTI has…|@omar_quraishi ""PTI single largest party of country, claims Qureshi"" (DAWN). Another political statement?","kpgreenenergy,shutupayazmunafiq,پٹواری_لیگ_کے_دن_ختم,pti,gonawazgo,sackccpoinabdullahtragedy,kpk,na122,pakistan,jc"
Sat Jul 04 11:00:03 UTC 2015,false,570,null,null,null
Sat Jul 04 11:00:03 UTC 2015,true,842,null,null,null
Sat Jul 04 12:00:03 UTC 2015,false,395,null,null,null
Sat Jul 04 12:00:03 UTC 2015,true,537,null,null,null
Sat Jul 04 13:00:03 UTC 2015,false,480,null,null,null
Sat Jul 04 13:00:03 UTC 2015,true,576,null,null,null
Sat Jul 04 14:00:03 UTC 2015,false,270,null,null,null
Sat Jul 04 14:00:03 UTC 2015,true,434,null,null,null
Sat Jul 04 15:00:03 UTC 2015,false,342,null,null,null
Sat Jul 04 15:00:03 UTC 2015,true,481,null,null,null
Sat Jul 04 16:00:03 UTC 2015,false,440,null,null,null
Sat Jul 04 16:00:03 UTC 2015,true,452,null,null,null
Sat Jul 04 17:00:03 UTC 2015,false,403,null,null,null
Sat Jul 04 17:00:03 UTC 2015,true,431,null,null,null
Sat Jul 04 18:00:03 UTC 2015,false,352,null,null,null
Sat Jul 04 18:00:03 UTC 2015,true,505,null,null,null
Sat Jul 04 19:00:03 UTC 2015,false,263,null,null,null
Sat Jul 04 19:00:03 UTC 2015,true,552,null,null,null
Sat Jul 04 20:00:03 UTC 2015,false,271,null,null,null
Sat Jul 04 20:00:03 UTC 2015,true,589,null,null,null
Sat Jul 04 21:00:03 UTC 2015,false,195,null,null,null
Sat Jul 04 21:00:03 UTC 2015,true,350,null,null,null
Sat Jul 04 22:00:03 UTC 2015,false,272,null,null,null
Sat Jul 04 22:00:03 UTC 2015,true,324,null,null,null
Sat Jul 04 23:00:03 UTC 2015,false,177,null,null,null
Sat Jul 04 23:00:03 UTC 2015,true,352,null,null,null
Sun Jul 05 00:00:03 UTC 2015,false,144,null,null,null
Sun Jul 05 00:00:03 UTC 2015,true,220,null,null,null
Sun Jul 05 01:00:03 UTC 2015,false,93,null,null,null
Sun Jul 05 01:00:03 UTC 2015,true,114,null,null,null
Sun Jul 05 02:00:03 UTC 2015,false,98,null,null,null
Sun Jul 05 02:00:03 UTC 2015,true,137,null,null,null
Sun Jul 05 03:00:03 UTC 2015,false,112,null,null,null
Sun Jul 05 03:00:03 UTC 2015,true,130,null,null,null
Sun Jul 05 04:00:03 UTC 2015,false,90,null,null,null
Sun Jul 05 04:00:03 UTC 2015,true,172,null,null,null
Sun Jul 05 05:00:03 UTC 2015,false,139,null,null,null
Sun Jul 05 05:00:03 UTC 2015,true,177,null,null,null
Sun Jul 05 06:00:03 UTC 2015,false,158,null,null,null
Sun Jul 05 06:00:03 UTC 2015,true,219,null,null,null
Sun Jul 05 07:00:03 UTC 2015,false,211,null,null,null
Sun Jul 05 07:00:03 UTC 2015,true,211,null,null,null
Sun Jul 05 08:00:03 UTC 2015,false,256,null,null,null
Sun Jul 05 08:00:03 UTC 2015,true,333,null,null,null
Sun Jul 05 09:00:03 UTC 2015,false,384,null,null,null
Sun Jul 05 09:00:03 UTC 2015,true,469,null,null,null
Sun Jul 05 10:00:03 UTC 2015,false,431,null,null,null
Sun Jul 05 10:00:03 UTC 2015,true,515,null,null,null
Sun Jul 05 11:00:03 UTC 2015,false,225,null,null,null
Sun Jul 05 11:00:03 UTC 2015,true,356,null,null,null
Sun Jul 05 12:00:03 UTC 2015,false,336,null,null,null
Sun Jul 05 12:00:03 UTC 2015,true,360,null,null,null
Sun Jul 05 13:00:03 UTC 2015,false,298,null,null,null
Sun Jul 05 13:00:03 UTC 2015,true,515,null,null,null
Sun Jul 05 14:00:03 UTC 2015,false,383,null,null,null
Sun Jul 05 14:00:03 UTC 2015,true,430,null,null,null
Sun Jul 05 15:00:03 UTC 2015,false,601,null,null,null
Sun Jul 05 15:00:03 UTC 2015,true,489,null,null,null
Sun Jul 05 16:00:03 UTC 2015,false,750,null,null,null
Sun Jul 05 16:00:03 UTC 2015,true,713,null,null,null
Sun Jul 05 17:00:03 UTC 2015,false,694,null,null,null
Sun Jul 05 17:00:03 UTC 2015,true,764,null,null,null
Sun Jul 05 18:00:03 UTC 2015,false,838,"pti,khan,pakistan,kpk,karachi,puncture,punctures,trolls,imran,internal",RT @AnjumIqbalPTI: He iz the puncture master... now with 71 punctures...  #SethiKay71Puncture  @AnjumIqbalPTI  #GoNawazGo http://t.co/Iusc1…|Ignoring kpk hospitals n Asking donations for shaukat khanam.  #kuchSharamkuchHaya #justImranKhanstyle|RT @ABKool: According to these genius people RK shouldn't be allowed to vote PTI,"pti,teamik,savebankofkhyber,pakistan,sethikay71puncture,ik,bok,gonawazgo,mqm,kpk"
Sun Jul 05 18:00:03 UTC 2015,true,818,null,null,null
Sun Jul 05 19:00:03 UTC 2015,false,635,null,null,null
Sun Jul 05 19:00:03 UTC 2015,true,838,"pti,khan,http,pakistan,hain,imran,politics,son,man,people",RT @MuhamadAfzalECP: How Much This Man Is Loved ? By Young and old Unforgettable Memories Masha Allah https://t.co/HwsYLq6Dlx|RT @RehamKhan1: Son let me show you how it's done. #Tabdeeli http://t.co/NlW3L46iSL|RT @OverseasPti: My name is OverseasPTI &amp; i am  #TeamIK proud of my leader @ImranKhanPTI  #InsafTwitterForce http://t.co/1N1Hlk1txX,"teamik,pti,kpk,savebankofkhyber,tabdeeli,pakistan,altafhussain,supportgoodmusic,imrankhan,ik"
Sun Jul 05 20:00:03 UTC 2015,false,529,null,null,null
Sun Jul 05 20:00:03 UTC 2015,true,746,null,null,null
Sun Jul 05 21:00:03 UTC 2015,false,391,null,null,null
Sun Jul 05 21:00:03 UTC 2015,true,666,null,null,null
Sun Jul 05 22:00:03 UTC 2015,false,367,null,null,null
Sun Jul 05 22:00:03 UTC 2015,true,663,null,null,null
Sun Jul 05 23:00:03 UTC 2015,false,414,null,null,null
Sun Jul 05 23:00:03 UTC 2015,true,650,null,null,null
Mon Jul 06 00:00:03 UTC 2015,false,227,null,null,null
Mon Jul 06 00:00:03 UTC 2015,true,296,null,null,null
Mon Jul 06 01:00:03 UTC 2015,false,126,null,null,null
Mon Jul 06 01:00:03 UTC 2015,true,223,null,null,null
Mon Jul 06 02:00:03 UTC 2015,false,81,null,null,null
Mon Jul 06 02:00:03 UTC 2015,true,136,null,null,null
Mon Jul 06 03:00:03 UTC 2015,false,122,null,null,null
Mon Jul 06 03:00:03 UTC 2015,true,139,null,null,null
Mon Jul 06 04:00:03 UTC 2015,false,177,null,null,null
Mon Jul 06 04:00:03 UTC 2015,true,160,null,null,null
Mon Jul 06 05:00:03 UTC 2015,false,188,null,null,null
Mon Jul 06 05:00:03 UTC 2015,true,227,null,null,null
Mon Jul 06 06:00:03 UTC 2015,false,209,null,null,null
Mon Jul 06 06:00:03 UTC 2015,true,292,null,null,null
Mon Jul 06 07:00:03 UTC 2015,false,340,null,null,null
Mon Jul 06 07:00:03 UTC 2015,true,334,null,null,null
Mon Jul 06 08:00:03 UTC 2015,false,371,null,null,null
Mon Jul 06 08:00:03 UTC 2015,true,364,null,null,null
Mon Jul 06 09:00:03 UTC 2015,false,408,null,null,null
Mon Jul 06 09:00:03 UTC 2015,true,383,null,null,null
Mon Jul 06 10:00:03 UTC 2015,false,756,null,null,null
Mon Jul 06 10:00:03 UTC 2015,true,715,null,null,null
Mon Jul 06 11:00:03 UTC 2015,false,1137,null,null,null
Mon Jul 06 11:00:03 UTC 2015,true,1256,null,null,null
Mon Jul 06 12:00:03 UTC 2015,false,976,"pakistan,pti,khan,naya,younis,butt,http,test,bill,hundreds","RT @najamsethi: PTI internal meeting has decided to reverse public confessions by IK/Alvi &amp; launch PTI trolls against me. They think Pakist…|RT @OverseasPti: Retweet if u are also anxiously waiting for 'Naya Pakistan'   #انشاءاللہ_نیا_پاکستان http://t.co/bPbELIBQMJ|RT @SarahJawadKhan: Jahangir Tareen's daughter Seher desperate 4 Canadian passport, has paid millions. Naya Pakistan 4 poor people only! ht…","انشاءاللہ_نیا_پاکستان,pti,justicefordjbutt,ik,slvpak,pakistan,djbutt,corruptionkinggovtofsindh,kpk,pmln"
Mon Jul 06 12:00:03 UTC 2015,true,1506,"khan,pakistan,pti,younis,masood,shan,butt,runs,test,day","RT @lion_faisal: All Patriots love PTI and Army  #SuggestNamesForCMShowbaz  #UnbiasedKarachiOperation http://t.co/qbg20ycUUB|#انشاءاللہ_نیا_پاکستان 0NE BIGGEST LEADER IMRAN KHAN KY SATH NAYA PAKISTAN INSHALLAH....AMEEN #IMRANKHANPTI|RT @Annasiqbal001: Allahamdulillah #KPK has started generating it's own Power, a big step for energy crisis.  #انشاءاللہ_نیا_پاکستان http:/…","pti,انشاءاللہ_نیا_پاکستان,slvpak,pakistan,pakvsl,imrankhan,justicefordjbutt,cricket,djbutt,corruptionkinggovtofsindh"
Mon Jul 06 13:00:03 UTC 2015,false,587,null,null,null
Mon Jul 06 13:00:03 UTC 2015,true,793,null,null,null
Mon Jul 06 14:00:03 UTC 2015,false,506,null,null,null
Mon Jul 06 14:00:03 UTC 2015,true,713,null,null,null
Mon Jul 06 15:00:03 UTC 2015,false,954,null,null,null
Mon Jul 06 15:00:03 UTC 2015,true,973,null,null,null
Mon Jul 06 16:00:03 UTC 2015,false,721,null,null,null
Mon Jul 06 16:00:03 UTC 2015,true,922,null,null,null
Mon Jul 06 17:00:03 UTC 2015,false,747,null,null,null
Mon Jul 06 17:00:03 UTC 2015,true,889,null,null,null
Mon Jul 06 18:00:03 UTC 2015,false,760,null,null,null
Mon Jul 06 18:00:03 UTC 2015,true,960,null,null,null
Mon Jul 06 19:00:03 UTC 2015,false,515,null,null,null
Mon Jul 06 19:00:03 UTC 2015,true,535,null,null,null
Mon Jul 06 20:00:03 UTC 2015,false,491,null,null,null
Mon Jul 06 20:00:03 UTC 2015,true,439,null,null,null
Mon Jul 06 21:00:03 UTC 2015,false,429,null,null,null
Mon Jul 06 21:00:03 UTC 2015,true,453,null,null,null
Mon Jul 06 22:00:03 UTC 2015,false,352,null,null,null
Mon Jul 06 22:00:03 UTC 2015,true,348,null,null,null
Mon Jul 06 23:00:03 UTC 2015,false,358,null,null,null
Mon Jul 06 23:00:03 UTC 2015,true,330,null,null,null
Tue Jul 07 00:00:03 UTC 2015,false,206,null,null,null
Tue Jul 07 00:00:03 UTC 2015,true,223,null,null,null
Tue Jul 07 01:00:03 UTC 2015,false,103,null,null,null
Tue Jul 07 01:00:03 UTC 2015,true,119,null,null,null
Tue Jul 07 02:00:03 UTC 2015,false,130,null,null,null
Tue Jul 07 02:00:03 UTC 2015,true,177,null,null,null
Tue Jul 07 03:00:03 UTC 2015,false,94,null,null,null
Tue Jul 07 03:00:03 UTC 2015,true,102,null,null,null
Tue Jul 07 04:00:03 UTC 2015,false,133,null,null,null
Tue Jul 07 04:00:03 UTC 2015,true,196,null,null,null
Tue Jul 07 05:00:03 UTC 2015,false,196,null,null,null
Tue Jul 07 05:00:03 UTC 2015,true,347,null,null,null
Tue Jul 07 06:00:03 UTC 2015,false,223,null,null,null
Tue Jul 07 06:00:03 UTC 2015,true,566,null,null,null
Tue Jul 07 07:00:03 UTC 2015,false,550,null,null,null
Tue Jul 07 07:00:03 UTC 2015,true,1378,null,null,null
Tue Jul 07 08:00:03 UTC 2015,false,630,null,null,null
Tue Jul 07 08:00:03 UTC 2015,true,1153,"khan,pakistan,younis,test,series,171,victory,brilliant,3rd,runs","@PTIofficial @ImranKhanPTI Celebrity Moulvis &amp; their agendas...! http://t.co/cSjvUp2jpV|Lunch Break, Pakistan 321/3 (92.0 OvEr) Misbah Ul Haq 27 Younus Khan 142, Need 56 Runs To Win, Today One Wkt Shan Masood 125, #SLVPAK|In this series Younis Khan crossed Hayden &amp; Laxman on all time highest test runs list. Possible to cross Inzy and Miandad too #Pakistan","slvpak,pakvsl,pakistan,pti,cricket,pakvssl,kpalerts,nayakp,imrankhan,ms"
Tue Jul 07 09:00:03 UTC 2015,false,445,null,null,null
Tue Jul 07 09:00:03 UTC 2015,true,682,null,null,null
Tue Jul 07 10:00:03 UTC 2015,false,382,null,null,null
Tue Jul 07 10:00:03 UTC 2015,true,878,null,null,null
Tue Jul 07 11:00:03 UTC 2015,false,343,null,null,null
Tue Jul 07 11:00:03 UTC 2015,true,605,null,null,null
Tue Jul 07 12:00:03 UTC 2015,false,495,null,null,null
Tue Jul 07 12:00:03 UTC 2015,true,919,null,null,null
Tue Jul 07 13:00:03 UTC 2015,false,364,null,null,null
Tue Jul 07 13:00:03 UTC 2015,true,757,null,null,null
Tue Jul 07 14:00:03 UTC 2015,false,245,null,null,null
Tue Jul 07 14:00:03 UTC 2015,true,315,null,null,null
Tue Jul 07 15:00:03 UTC 2015,false,439,null,null,null
Tue Jul 07 15:00:03 UTC 2015,true,538,null,null,null
Tue Jul 07 16:00:03 UTC 2015,false,308,null,null,null
Tue Jul 07 16:00:03 UTC 2015,true,515,null,null,null
Tue Jul 07 17:00:03 UTC 2015,false,309,null,null,null
Tue Jul 07 17:00:03 UTC 2015,true,477,null,null,null
Tue Jul 07 18:00:03 UTC 2015,false,593,null,null,null
Tue Jul 07 18:00:03 UTC 2015,true,419,null,null,null
Tue Jul 07 19:00:03 UTC 2015,false,325,null,null,null
Tue Jul 07 19:00:03 UTC 2015,true,357,null,null,null
Tue Jul 07 20:00:03 UTC 2015,false,267,null,null,null
Tue Jul 07 20:00:03 UTC 2015,true,353,null,null,null
Tue Jul 07 21:00:03 UTC 2015,false,228,null,null,null
Tue Jul 07 21:00:03 UTC 2015,true,331,null,null,null
Tue Jul 07 22:00:03 UTC 2015,false,314,null,null,null
Tue Jul 07 22:00:03 UTC 2015,true,345,null,null,null
Tue Jul 07 23:00:03 UTC 2015,false,296,null,null,null
Tue Jul 07 23:00:03 UTC 2015,true,339,null,null,null
Wed Jul 08 00:00:03 UTC 2015,false,275,null,null,null
Wed Jul 08 00:00:03 UTC 2015,true,160,null,null,null
Wed Jul 08 01:00:03 UTC 2015,false,110,null,null,null
Wed Jul 08 01:00:03 UTC 2015,true,126,null,null,null
Wed Jul 08 02:00:03 UTC 2015,false,113,null,null,null
Wed Jul 08 02:00:03 UTC 2015,true,182,null,null,null
Wed Jul 08 03:00:03 UTC 2015,false,180,null,null,null
Wed Jul 08 03:00:03 UTC 2015,true,182,null,null,null
Wed Jul 08 04:00:03 UTC 2015,false,189,null,null,null
Wed Jul 08 04:00:03 UTC 2015,true,191,null,null,null
Wed Jul 08 05:00:03 UTC 2015,false,142,null,null,null
Wed Jul 08 05:00:03 UTC 2015,true,229,null,null,null
Wed Jul 08 06:00:03 UTC 2015,false,260,null,null,null
Wed Jul 08 06:00:03 UTC 2015,true,282,null,null,null
Wed Jul 08 07:00:03 UTC 2015,false,264,null,null,null
Wed Jul 08 07:00:03 UTC 2015,true,370,null,null,null
Wed Jul 08 08:00:03 UTC 2015,false,279,null,null,null
Wed Jul 08 08:00:03 UTC 2015,true,581,null,null,null
Wed Jul 08 09:00:03 UTC 2015,false,460,null,null,null
Wed Jul 08 09:00:03 UTC 2015,true,672,null,null,null
Wed Jul 08 10:00:03 UTC 2015,false,330,null,null,null
Wed Jul 08 10:00:03 UTC 2015,true,479,null,null,null
Wed Jul 08 11:00:03 UTC 2015,false,751,"pti,faisalabad,pakistan,khan,banners,govt,jkt,stop,imran,work","Metro PTI supporters ki chher banti jaa rahi hai...like its a member of shareef family or something|@Alevee12 @rock_star876 please make sense, you started crying about rain and flood, pti people are so hypocrite|@javeednusrat Talk abt priorities,PTI spnt Rs. 140 mil just to play music... PTI cld have esly  dontd.  to 1000s of poors 4 food, shltr, med","faisalabadstandswithpti,pti,ms,kpkupdates,pakistan,ppp,mqm,uae,peshawar,ptikemeera"
Wed Jul 08 11:00:03 UTC 2015,true,1274,"pti,pak,time,younus,yasir,suggested,play,march,dropped,sindh",RT @RebuildPAK: #YesToRangersInSindh  It's symbolic in the rigged Sindh Assembly run by Zardari &amp; Altaf Mafia but PTI stand is cle… http://…|@ImranKhanPTI so happy for  the team Pakistan|@JavedAzizKhan One ANP boy was commenting on a Tweet contributing KP Peace to Sharif in Civies rather than Sharif in Uniform OR PTI Govt.,"faisalabadstandswithpti,pti,yestorangersinsindh,ms,nayapakistan,kp,pakistan,pmln,faisala,slvpak"
Wed Jul 08 12:00:03 UTC 2015,false,606,null,null,null
Wed Jul 08 12:00:03 UTC 2015,true,784,null,null,null
Wed Jul 08 13:00:03 UTC 2015,false,397,null,null,null
Wed Jul 08 13:00:03 UTC 2015,true,680,null,null,null
Wed Jul 08 14:00:03 UTC 2015,false,278,null,null,null
Wed Jul 08 14:00:03 UTC 2015,true,450,null,null,null
Wed Jul 08 15:00:03 UTC 2015,false,419,null,null,null
Wed Jul 08 15:00:03 UTC 2015,true,640,null,null,null
Wed Jul 08 16:00:03 UTC 2015,false,404,null,null,null
Wed Jul 08 16:00:03 UTC 2015,true,746,null,null,null
Wed Jul 08 17:00:03 UTC 2015,false,351,null,null,null
Wed Jul 08 17:00:03 UTC 2015,true,394,null,null,null
Wed Jul 08 18:00:03 UTC 2015,false,291,null,null,null
Wed Jul 08 18:00:03 UTC 2015,true,428,null,null,null
Wed Jul 08 19:00:03 UTC 2015,false,217,null,null,null
Wed Jul 08 19:00:03 UTC 2015,true,334,null,null,null
Wed Jul 08 20:00:03 UTC 2015,false,221,null,null,null
Wed Jul 08 20:00:03 UTC 2015,true,424,null,null,null
Wed Jul 08 21:00:03 UTC 2015,false,265,null,null,null
Wed Jul 08 21:00:03 UTC 2015,true,385,null,null,null
Wed Jul 08 22:00:03 UTC 2015,false,269,null,null,null
Wed Jul 08 22:00:03 UTC 2015,true,331,null,null,null
Wed Jul 08 23:00:03 UTC 2015,false,213,null,null,null
Wed Jul 08 23:00:03 UTC 2015,true,282,null,null,null
Thu Jul 09 00:00:03 UTC 2015,false,150,null,null,null
Thu Jul 09 00:00:03 UTC 2015,true,128,null,null,null
Thu Jul 09 01:00:03 UTC 2015,false,97,null,null,null
Thu Jul 09 01:00:03 UTC 2015,true,94,null,null,null
Thu Jul 09 02:00:03 UTC 2015,false,108,null,null,null
Thu Jul 09 02:00:03 UTC 2015,true,116,null,null,null
Thu Jul 09 03:00:03 UTC 2015,false,93,null,null,null
Thu Jul 09 03:00:03 UTC 2015,true,253,null,null,null
Thu Jul 09 04:00:03 UTC 2015,false,125,null,null,null
Thu Jul 09 04:00:03 UTC 2015,true,177,null,null,null
Thu Jul 09 05:00:03 UTC 2015,false,115,null,null,null
Thu Jul 09 05:00:03 UTC 2015,true,220,null,null,null
Thu Jul 09 06:00:03 UTC 2015,false,230,null,null,null
Thu Jul 09 06:00:03 UTC 2015,true,223,null,null,null
Thu Jul 09 07:00:03 UTC 2015,false,329,null,null,null
Thu Jul 09 07:00:03 UTC 2015,true,356,null,null,null
Thu Jul 09 08:00:03 UTC 2015,false,332,null,null,null
Thu Jul 09 08:00:03 UTC 2015,true,304,null,null,null
Thu Jul 09 09:00:03 UTC 2015,false,957,null,null,null
Thu Jul 09 09:00:03 UTC 2015,true,823,null,null,null
Thu Jul 09 10:00:03 UTC 2015,false,1506,null,null,null
Thu Jul 09 10:00:03 UTC 2015,true,1817,null,null,null
Thu Jul 09 11:00:03 UTC 2015,false,1207,null,null,null
Thu Jul 09 11:00:03 UTC 2015,true,1222,null,null,null
Thu Jul 09 12:00:03 UTC 2015,false,1030,null,null,null
Thu Jul 09 12:00:03 UTC 2015,true,1001,"pti,minister,kpk,corruption,arrested,govt,commission,khan,accountability,nab",Ideological workers of Pakistan Peoples Party are approaching us regularly @ImranKhanPTI|RT @ZalmayX: Haters thought it was 'josh-e-khitabat' when IK promised an independent Ehtesab Comm in KP. He stands tall today :) https://t.…|@ImranKhanPTI Sir you have set an other example for the corrupt govt that nobody is above law not even sitting minister. #TrueEhtisabInKP,"trueehtisabinkp,pti,ik,kpkupdates,trueehtesabinkp,kpk,pakistan,kp,imrankhan,kppolice"
Thu Jul 09 13:00:03 UTC 2015,false,1374,"pti,kpk,minister,arrested,corruption,commission,afridi,http,govt,khan",RT @TeamSarwar: I am glad that PTI is getting strong in those areas of Punjab where we used to be weak. Imran Khan|#BreakingNews PTI lawmakers to return salaries: Imran http://t.co/lqiCQlO2dn|RT @utvfilms: #KattiBattiKyun Coming up tomorrow! #ImranKhan #KanganaRanaut @nickadvani @EmmayEntertain http://t.co/OXdexO4KPb,"pti,trueehtisabinkp,babataeasyloadoka,kpk,pakistan,ik,ms,kpkupdates,kp,pmln"
Thu Jul 09 13:00:03 UTC 2015,true,1284,null,null,null
Thu Jul 09 14:00:03 UTC 2015,false,1025,null,null,null
Thu Jul 09 14:00:03 UTC 2015,true,1286,null,null,null
Thu Jul 09 15:00:03 UTC 2015,false,1241,null,null,null
Thu Jul 09 15:00:03 UTC 2015,true,992,null,null,null
Thu Jul 09 16:00:03 UTC 2015,false,1105,null,null,null
Thu Jul 09 16:00:03 UTC 2015,true,875,null,null,null
Thu Jul 09 17:00:03 UTC 2015,false,746,null,null,null
Thu Jul 09 17:00:03 UTC 2015,true,641,null,null,null
Thu Jul 09 18:00:03 UTC 2015,false,481,null,null,null
Thu Jul 09 18:00:03 UTC 2015,true,671,null,null,null
Thu Jul 09 19:00:03 UTC 2015,false,439,null,null,null
Thu Jul 09 19:00:03 UTC 2015,true,584,null,null,null
Thu Jul 09 20:00:03 UTC 2015,false,337,null,null,null
Thu Jul 09 20:00:03 UTC 2015,true,538,null,null,null
Thu Jul 09 21:00:03 UTC 2015,false,540,null,null,null
Thu Jul 09 21:00:03 UTC 2015,true,519,null,null,null
Thu Jul 09 22:00:03 UTC 2015,false,492,null,null,null
Thu Jul 09 22:00:03 UTC 2015,true,515,null,null,null
Thu Jul 09 23:00:03 UTC 2015,false,283,null,null,null
Thu Jul 09 23:00:03 UTC 2015,true,296,null,null,null
Fri Jul 10 00:00:03 UTC 2015,false,198,null,null,null
Fri Jul 10 00:00:03 UTC 2015,true,204,null,null,null
Fri Jul 10 01:00:03 UTC 2015,false,139,null,null,null
Fri Jul 10 01:00:03 UTC 2015,true,146,null,null,null
Fri Jul 10 02:00:03 UTC 2015,false,117,null,null,null
Fri Jul 10 02:00:03 UTC 2015,true,110,null,null,null
Fri Jul 10 03:00:03 UTC 2015,false,159,null,null,null
Fri Jul 10 03:00:03 UTC 2015,true,163,null,null,null
Fri Jul 10 04:00:03 UTC 2015,false,163,null,null,null
Fri Jul 10 04:00:03 UTC 2015,true,203,null,null,null
Fri Jul 10 05:00:03 UTC 2015,false,155,null,null,null
Fri Jul 10 05:00:03 UTC 2015,true,199,null,null,null
Fri Jul 10 06:00:03 UTC 2015,false,263,null,null,null
Fri Jul 10 06:00:03 UTC 2015,true,321,null,null,null
Fri Jul 10 07:00:03 UTC 2015,false,271,null,null,null
Fri Jul 10 07:00:03 UTC 2015,true,358,null,null,null
Fri Jul 10 08:00:03 UTC 2015,false,285,null,null,null
Fri Jul 10 08:00:03 UTC 2015,true,301,null,null,null
Fri Jul 10 09:00:03 UTC 2015,false,470,null,null,null
Fri Jul 10 09:00:03 UTC 2015,true,713,null,null,null
Fri Jul 10 10:00:03 UTC 2015,false,669,null,null,null
Fri Jul 10 10:00:03 UTC 2015,true,829,null,null,null
Fri Jul 10 11:00:03 UTC 2015,false,566,null,null,null
Fri Jul 10 11:00:03 UTC 2015,true,532,null,null,null
Fri Jul 10 12:00:03 UTC 2015,false,457,null,null,null
Fri Jul 10 12:00:03 UTC 2015,true,398,null,null,null
Fri Jul 10 13:00:03 UTC 2015,false,389,null,null,null
Fri Jul 10 13:00:03 UTC 2015,true,390,null,null,null
Fri Jul 10 14:00:03 UTC 2015,false,470,null,null,null
Fri Jul 10 14:00:03 UTC 2015,true,344,null,null,null
Fri Jul 10 15:00:03 UTC 2015,false,609,null,null,null
Fri Jul 10 15:00:03 UTC 2015,true,425,null,null,null
Fri Jul 10 16:00:03 UTC 2015,false,1262,"pti,govt,pakistan,kpk,khan,police,imran,years,minister,support","RT @PTI_tsunami: Zia-ullah Afridi case is with Ehtasab Commission sleuths. The matter was never triggered by PTI, nor would the party inter…|RT @HinaMakhdoomPTI: Myself wd IK in Chiniot jalsa #GE 2013 PTI pp 75 ticket holder @FarhanKVirk http://t.co/Mdcjf0FYLt|Being Journos you don't !  Otherwise 'Lifafists' serves you right.  https://t.co/qg7NDasQZU","kpisrisingwithkhan,pti,kpkupdates,kpk,نواز_نہاری_بهارت_کا_پجاری,ڈاکٹر_فراز,ss,pakistan,mqm,shahfarman"
Fri Jul 10 16:00:03 UTC 2015,true,1717,"pti,kpk,govt,khan,real,change,trend,day,guys,pakistan",RT @DrAyesha4: #KPIsRisingWithKhan  Khan has proved himself as dead honest towards Pakistan http://t.co/e5KZuKPkLz|RT @yasir_gillani: Attended iftaar at Haji Kot organized by Habib ur rehman &amp; #PTI candidate Manzoor Hussain.  Shabbir Minhas sb on mike ht…|@TheHerd @ESPNNY98_7FM @KingJames @NASA @PTI @SHAQ @GooglePlay @TheRock :: @DisneyPixar + @GoPro + @googlemaps : @BillGates future assets #E,"kpisrisingwithkhan,kpkupdates,kpk,pti,نواز_نہاری_بهارت_کا_پجاری,pakistan,ptc,mqmlosesdawnpoll,imrankhan,ﻧﻮﺍﺯ_ﻧﮩﺎﺭﯼ_ﺑﻬﺎﺭﺕ_ﮐﺎ_ﭘﺠﺎﺭﯼ"
Fri Jul 10 17:00:03 UTC 2015,false,465,null,null,null
Fri Jul 10 17:00:03 UTC 2015,true,746,null,null,null
Fri Jul 10 18:00:03 UTC 2015,false,412,null,null,null
Fri Jul 10 18:00:03 UTC 2015,true,905,null,null,null
Fri Jul 10 19:00:03 UTC 2015,false,488,null,null,null
Fri Jul 10 19:00:03 UTC 2015,true,723,null,null,null
Fri Jul 10 20:00:03 UTC 2015,false,554,null,null,null
Fri Jul 10 20:00:03 UTC 2015,true,627,null,null,null
Fri Jul 10 21:00:03 UTC 2015,false,336,null,null,null
Fri Jul 10 21:00:03 UTC 2015,true,500,null,null,null
Fri Jul 10 22:00:03 UTC 2015,false,416,null,null,null
Fri Jul 10 22:00:03 UTC 2015,true,505,null,null,null
Fri Jul 10 23:00:03 UTC 2015,false,404,null,null,null
Fri Jul 10 23:00:03 UTC 2015,true,552,null,null,null
Sat Jul 11 00:00:03 UTC 2015,false,274,null,null,null
Sat Jul 11 00:00:03 UTC 2015,true,349,null,null,null
Sat Jul 11 01:00:03 UTC 2015,false,183,null,null,null
Sat Jul 11 01:00:03 UTC 2015,true,158,null,null,null
Sat Jul 11 02:00:03 UTC 2015,false,123,null,null,null
Sat Jul 11 02:00:03 UTC 2015,true,177,null,null,null
Sat Jul 11 03:00:03 UTC 2015,false,116,null,null,null
Sat Jul 11 03:00:03 UTC 2015,true,159,null,null,null
Sat Jul 11 04:00:03 UTC 2015,false,106,null,null,null
Sat Jul 11 04:00:03 UTC 2015,true,134,null,null,null
Sat Jul 11 05:00:03 UTC 2015,false,122,null,null,null
Sat Jul 11 05:00:03 UTC 2015,true,150,null,null,null
Sat Jul 11 06:00:03 UTC 2015,false,262,null,null,null
Sat Jul 11 06:00:03 UTC 2015,true,232,null,null,null
Sat Jul 11 07:00:03 UTC 2015,false,194,null,null,null
Sat Jul 11 07:00:03 UTC 2015,true,290,null,null,null
Sat Jul 11 08:00:03 UTC 2015,false,169,null,null,null
Sat Jul 11 08:00:03 UTC 2015,true,198,null,null,null
Sat Jul 11 09:00:03 UTC 2015,false,252,null,null,null
Sat Jul 11 09:00:03 UTC 2015,true,279,null,null,null
Sat Jul 11 10:00:03 UTC 2015,false,272,null,null,null
Sat Jul 11 10:00:03 UTC 2015,true,265,null,null,null
Sat Jul 11 11:00:03 UTC 2015,false,298,null,null,null
Sat Jul 11 11:00:03 UTC 2015,true,396,null,null,null
Sat Jul 11 12:00:03 UTC 2015,false,354,null,null,null
Sat Jul 11 12:00:03 UTC 2015,true,428,null,null,null
Sat Jul 11 13:00:03 UTC 2015,false,286,null,null,null
Sat Jul 11 13:00:03 UTC 2015,true,274,null,null,null
Sat Jul 11 14:00:03 UTC 2015,false,264,null,null,null
Sat Jul 11 14:00:03 UTC 2015,true,290,null,null,null
Sat Jul 11 15:00:03 UTC 2015,false,438,null,null,null
Sat Jul 11 15:00:03 UTC 2015,true,368,null,null,null
Sat Jul 11 16:00:03 UTC 2015,false,385,null,null,null
Sat Jul 11 16:00:03 UTC 2015,true,383,null,null,null
Sat Jul 11 17:00:03 UTC 2015,false,546,null,null,null
Sat Jul 11 17:00:03 UTC 2015,true,767,null,null,null
Sat Jul 11 18:00:03 UTC 2015,false,360,null,null,null
Sat Jul 11 18:00:03 UTC 2015,true,390,null,null,null
Sat Jul 11 19:00:03 UTC 2015,false,432,null,null,null
Sat Jul 11 19:00:03 UTC 2015,true,416,null,null,null
Sat Jul 11 20:00:03 UTC 2015,false,296,null,null,null
Sat Jul 11 20:00:03 UTC 2015,true,305,null,null,null
Sat Jul 11 21:00:03 UTC 2015,false,234,null,null,null
Sat Jul 11 21:00:03 UTC 2015,true,250,null,null,null
Sat Jul 11 22:00:03 UTC 2015,false,268,null,null,null
Sat Jul 11 22:00:03 UTC 2015,true,449,null,null,null
Sat Jul 11 23:00:03 UTC 2015,false,216,null,null,null
Sat Jul 11 23:00:03 UTC 2015,true,341,null,null,null
Sun Jul 12 00:00:03 UTC 2015,false,135,null,null,null
Sun Jul 12 00:00:03 UTC 2015,true,184,null,null,null
Sun Jul 12 01:00:03 UTC 2015,false,167,null,null,null
Sun Jul 12 01:00:03 UTC 2015,true,183,null,null,null
Sun Jul 12 02:00:03 UTC 2015,false,89,null,null,null
Sun Jul 12 02:00:03 UTC 2015,true,145,null,null,null
Sun Jul 12 03:00:03 UTC 2015,false,75,null,null,null
Sun Jul 12 03:00:03 UTC 2015,true,106,null,null,null
Sun Jul 12 04:00:03 UTC 2015,false,118,null,null,null
Sun Jul 12 04:00:03 UTC 2015,true,148,null,null,null
Sun Jul 12 05:00:03 UTC 2015,false,144,null,null,null
Sun Jul 12 05:00:03 UTC 2015,true,148,null,null,null
Sun Jul 12 06:00:03 UTC 2015,false,166,null,null,null
Sun Jul 12 06:00:03 UTC 2015,true,256,null,null,null
Sun Jul 12 07:00:03 UTC 2015,false,188,null,null,null
Sun Jul 12 07:00:03 UTC 2015,true,309,null,null,null
Sun Jul 12 08:00:03 UTC 2015,false,165,null,null,null
Sun Jul 12 08:00:03 UTC 2015,true,275,null,null,null
Sun Jul 12 09:00:03 UTC 2015,false,272,null,null,null
Sun Jul 12 09:00:03 UTC 2015,true,304,null,null,null
Sun Jul 12 10:00:03 UTC 2015,false,316,null,null,null
Sun Jul 12 10:00:03 UTC 2015,true,290,null,null,null
Sun Jul 12 11:00:03 UTC 2015,false,231,null,null,null
Sun Jul 12 11:00:03 UTC 2015,true,399,null,null,null
Sun Jul 12 12:00:03 UTC 2015,false,449,null,null,null
Sun Jul 12 12:00:03 UTC 2015,true,680,null,null,null
Sun Jul 12 13:00:03 UTC 2015,false,212,null,null,null
Sun Jul 12 13:00:03 UTC 2015,true,378,null,null,null
Sun Jul 12 14:00:03 UTC 2015,false,255,null,null,null
Sun Jul 12 14:00:03 UTC 2015,true,306,null,null,null
Sun Jul 12 15:00:03 UTC 2015,false,259,null,null,null
Sun Jul 12 15:00:03 UTC 2015,true,333,null,null,null
Sun Jul 12 16:00:03 UTC 2015,false,326,null,null,null
Sun Jul 12 16:00:03 UTC 2015,true,372,null,null,null
Sun Jul 12 17:00:03 UTC 2015,false,374,null,null,null
Sun Jul 12 17:00:03 UTC 2015,true,644,null,null,null
Sun Jul 12 18:00:03 UTC 2015,false,237,null,null,null
Sun Jul 12 18:00:03 UTC 2015,true,469,null,null,null
Sun Jul 12 19:00:03 UTC 2015,false,254,null,null,null
Sun Jul 12 19:00:03 UTC 2015,true,456,null,null,null
Sun Jul 12 20:00:03 UTC 2015,false,253,null,null,null
Sun Jul 12 20:00:03 UTC 2015,true,326,null,null,null
Sun Jul 12 21:00:03 UTC 2015,false,172,null,null,null
Sun Jul 12 21:00:03 UTC 2015,true,220,null,null,null
Sun Jul 12 22:00:03 UTC 2015,false,166,null,null,null
Sun Jul 12 22:00:03 UTC 2015,true,274,null,null,null
Sun Jul 12 23:00:03 UTC 2015,false,166,null,null,null
Sun Jul 12 23:00:03 UTC 2015,true,423,null,null,null
Mon Jul 13 00:00:03 UTC 2015,false,94,null,null,null
Mon Jul 13 00:00:03 UTC 2015,true,132,null,null,null
Mon Jul 13 01:00:03 UTC 2015,false,71,null,null,null
Mon Jul 13 01:00:03 UTC 2015,true,104,null,null,null
Mon Jul 13 02:00:03 UTC 2015,false,85,null,null,null
Mon Jul 13 02:00:03 UTC 2015,true,92,null,null,null
Mon Jul 13 03:00:03 UTC 2015,false,91,null,null,null
Mon Jul 13 03:00:03 UTC 2015,true,103,null,null,null
Mon Jul 13 04:00:03 UTC 2015,false,94,null,null,null
Mon Jul 13 04:00:03 UTC 2015,true,107,null,null,null
Mon Jul 13 05:00:03 UTC 2015,false,94,null,null,null
Mon Jul 13 05:00:03 UTC 2015,true,156,null,null,null
Mon Jul 13 06:00:03 UTC 2015,false,212,null,null,null
Mon Jul 13 06:00:03 UTC 2015,true,188,null,null,null
Mon Jul 13 07:00:03 UTC 2015,false,205,null,null,null
Mon Jul 13 07:00:03 UTC 2015,true,190,null,null,null
Mon Jul 13 08:00:03 UTC 2015,false,369,null,null,null
Mon Jul 13 08:00:03 UTC 2015,true,259,null,null,null
Mon Jul 13 09:00:03 UTC 2015,false,360,null,null,null
Mon Jul 13 09:00:03 UTC 2015,true,395,null,null,null
Mon Jul 13 10:00:03 UTC 2015,false,283,null,null,null
Mon Jul 13 10:00:03 UTC 2015,true,398,null,null,null
Mon Jul 13 11:00:03 UTC 2015,false,213,null,null,null
Mon Jul 13 11:00:03 UTC 2015,true,280,null,null,null
Mon Jul 13 12:00:03 UTC 2015,false,419,null,null,null
Mon Jul 13 12:00:03 UTC 2015,true,546,null,null,null
Mon Jul 13 13:00:03 UTC 2015,false,609,null,null,null
Mon Jul 13 13:00:03 UTC 2015,true,728,null,null,null
Mon Jul 13 14:00:03 UTC 2015,false,279,null,null,null
Mon Jul 13 14:00:03 UTC 2015,true,425,null,null,null
Mon Jul 13 15:00:03 UTC 2015,false,449,null,null,null
Mon Jul 13 15:00:03 UTC 2015,true,624,null,null,null
Mon Jul 13 16:00:03 UTC 2015,false,478,null,null,null
Mon Jul 13 16:00:03 UTC 2015,true,896,"pti,khan,pakistan,retweet,kpk,eid,imran,stand,agree,allah","RT @ImranKhanPTI: KP living up to PTI's environment commitments ""Earthly matters: KP’s creeping green revolution"" http://t.co/QmjuzpO6Hb|RT @KPKUpdates: #Solar powered street lights installed in #Kohat. All major streets shall be covered. 2/2 #KPKUpdates http://t.co/7sJHOIBij1|RT @SarahJawadKhan: Retweet if you want Justice for DJ Butt and FAV if you want PTI to pay him overdue 80 million Rupees #JusticeForDJButt …","noongovtneglectsidps,این_اے122_کافیصلہ_کرو,pti,glorioustalesofpakistan,muhajirshatealtafhussain,انشاءاللہ_نیا_پاکستان,kpkupdates,ik,pakistan,kpk"
Mon Jul 13 17:00:03 UTC 2015,false,323,null,null,null
Mon Jul 13 17:00:03 UTC 2015,true,691,null,null,null
Mon Jul 13 18:00:03 UTC 2015,false,314,null,null,null
Mon Jul 13 18:00:03 UTC 2015,true,441,null,null,null
Mon Jul 13 19:00:03 UTC 2015,false,267,null,null,null
Mon Jul 13 19:00:03 UTC 2015,true,363,null,null,null
Mon Jul 13 20:00:03 UTC 2015,false,177,null,null,null
Mon Jul 13 20:00:03 UTC 2015,true,349,null,null,null
Mon Jul 13 21:00:03 UTC 2015,false,283,null,null,null
Mon Jul 13 21:00:03 UTC 2015,true,265,null,null,null
Mon Jul 13 22:00:03 UTC 2015,false,229,null,null,null
Mon Jul 13 22:00:03 UTC 2015,true,276,null,null,null
Mon Jul 13 23:00:03 UTC 2015,false,186,null,null,null
Mon Jul 13 23:00:03 UTC 2015,true,199,null,null,null
Tue Jul 14 00:00:03 UTC 2015,false,138,null,null,null
Tue Jul 14 00:00:03 UTC 2015,true,155,null,null,null
Tue Jul 14 01:00:03 UTC 2015,false,85,null,null,null
Tue Jul 14 01:00:03 UTC 2015,true,127,null,null,null
Tue Jul 14 02:00:03 UTC 2015,false,68,null,null,null
Tue Jul 14 02:00:03 UTC 2015,true,166,null,null,null
Tue Jul 14 03:00:03 UTC 2015,false,75,null,null,null
Tue Jul 14 03:00:03 UTC 2015,true,123,null,null,null
Tue Jul 14 04:00:03 UTC 2015,false,161,null,null,null
Tue Jul 14 04:00:03 UTC 2015,true,154,null,null,null
Tue Jul 14 05:00:03 UTC 2015,false,152,null,null,null
Tue Jul 14 05:00:03 UTC 2015,true,184,null,null,null
Tue Jul 14 06:00:03 UTC 2015,false,174,null,null,null
Tue Jul 14 06:00:03 UTC 2015,true,225,null,null,null
Tue Jul 14 07:00:03 UTC 2015,false,200,null,null,null
Tue Jul 14 07:00:03 UTC 2015,true,215,null,null,null
Tue Jul 14 08:00:03 UTC 2015,false,237,null,null,null
Tue Jul 14 08:00:03 UTC 2015,true,286,null,null,null
Tue Jul 14 09:00:03 UTC 2015,false,254,null,null,null
Tue Jul 14 09:00:03 UTC 2015,true,391,null,null,null
Tue Jul 14 10:00:03 UTC 2015,false,529,null,null,null
Tue Jul 14 10:00:03 UTC 2015,true,381,null,null,null
Tue Jul 14 11:00:03 UTC 2015,false,293,null,null,null
Tue Jul 14 11:00:03 UTC 2015,true,336,null,null,null
Tue Jul 14 12:00:03 UTC 2015,false,435,null,null,null
Tue Jul 14 12:00:03 UTC 2015,true,542,null,null,null
Tue Jul 14 13:00:03 UTC 2015,false,228,null,null,null
Tue Jul 14 13:00:03 UTC 2015,true,477,null,null,null
Tue Jul 14 14:00:03 UTC 2015,false,220,null,null,null
Tue Jul 14 14:00:03 UTC 2015,true,336,null,null,null
Tue Jul 14 15:00:03 UTC 2015,false,265,null,null,null
Tue Jul 14 15:00:03 UTC 2015,true,327,null,null,null
Tue Jul 14 16:00:03 UTC 2015,false,212,null,null,null
Tue Jul 14 16:00:03 UTC 2015,true,392,null,null,null
Tue Jul 14 17:00:03 UTC 2015,false,270,null,null,null
Tue Jul 14 17:00:03 UTC 2015,true,367,null,null,null
Tue Jul 14 18:00:03 UTC 2015,false,323,null,null,null
Tue Jul 14 18:00:03 UTC 2015,true,346,null,null,null
Tue Jul 14 19:00:03 UTC 2015,false,425,null,null,null
Tue Jul 14 19:00:03 UTC 2015,true,522,null,null,null
Tue Jul 14 20:00:03 UTC 2015,false,354,null,null,null
Tue Jul 14 20:00:03 UTC 2015,true,304,null,null,null
Tue Jul 14 21:00:03 UTC 2015,false,245,null,null,null
Tue Jul 14 21:00:03 UTC 2015,true,325,null,null,null
Tue Jul 14 22:00:03 UTC 2015,false,289,null,null,null
Tue Jul 14 22:00:03 UTC 2015,true,414,null,null,null
Tue Jul 14 23:00:03 UTC 2015,false,500,null,null,null
Tue Jul 14 23:00:03 UTC 2015,true,382,null,null,null
Wed Jul 15 00:00:03 UTC 2015,false,331,null,null,null
Wed Jul 15 00:00:03 UTC 2015,true,284,null,null,null
Wed Jul 15 01:00:03 UTC 2015,false,201,null,null,null
Wed Jul 15 01:00:03 UTC 2015,true,163,null,null,null
Wed Jul 15 02:00:03 UTC 2015,false,189,null,null,null
Wed Jul 15 02:00:03 UTC 2015,true,121,null,null,null
Wed Jul 15 03:00:03 UTC 2015,false,187,null,null,null
Wed Jul 15 03:00:03 UTC 2015,true,137,null,null,null
Wed Jul 15 04:00:03 UTC 2015,false,205,null,null,null
Wed Jul 15 04:00:03 UTC 2015,true,235,null,null,null
Wed Jul 15 05:00:03 UTC 2015,false,404,null,null,null
Wed Jul 15 05:00:03 UTC 2015,true,441,null,null,null
Wed Jul 15 06:00:03 UTC 2015,false,592,null,null,null
Wed Jul 15 06:00:03 UTC 2015,true,485,null,null,null
Wed Jul 15 07:00:03 UTC 2015,false,678,null,null,null
Wed Jul 15 07:00:03 UTC 2015,true,551,null,null,null
Wed Jul 15 08:00:03 UTC 2015,false,857,null,null,null
Wed Jul 15 08:00:03 UTC 2015,true,921,null,null,null
Wed Jul 15 09:00:03 UTC 2015,false,1257,"pti,degree,fake,khan,reham,mqm,pakistan,imran,media,sue","RT @timesofindia: Manipur Assembly decides to withdraw Manipur Regulation of Visitors and Migrant Workers Bill, 2015: Assembly official - P…|""@PTI_tsunami: #PakistanSupportsRehamKhan  That ugly closet Jamaatiya @sarimrashid has another reason to bash PTI now.""|RT @DeccanChronicle: Delhi HC refuses to restrain Delhi govt from airing publicity campaign and advertisements allegedly glorifying Arvind …","pti,kpkupdates,fakedegreefakebabhireham,pakistan,mqm,westandwithrk,rehamkhan,imrankhan,ik,mqmstrikesback"
Wed Jul 15 09:00:03 UTC 2015,true,1461,"pti,khan,degree,reham,media,fake,altaf,pakistan,bhabi,trust",RT @radharaju18: Under Kejri influence even HC turns rogue..overrules SC or is @timesofindia onto their next hitjob... create CHAOS ..https…|RT @sal_ayeee: @Nia_Minnie happy bday balla🏀|Reham's being defended from PTI's platform is rather odd.  https://t.co/KeKohOWX43,"pti,fakedegreefakebabhireham,westandwithrk,shameonaltafmedia,kpkupdates,pakistansupportsrehamkhan,pakistan,rehamkhan,ik,imrankhan"
Wed Jul 15 10:00:03 UTC 2015,false,1120,null,null,null
Wed Jul 15 10:00:03 UTC 2015,true,950,null,null,null
Wed Jul 15 11:00:03 UTC 2015,false,863,null,null,null
Wed Jul 15 11:00:03 UTC 2015,true,833,null,null,null
Wed Jul 15 12:00:03 UTC 2015,false,615,null,null,null
Wed Jul 15 12:00:03 UTC 2015,true,629,null,null,null
Wed Jul 15 13:00:03 UTC 2015,false,556,null,null,null
Wed Jul 15 13:00:03 UTC 2015,true,670,null,null,null
Wed Jul 15 14:00:03 UTC 2015,false,443,null,null,null
Wed Jul 15 14:00:03 UTC 2015,true,633,null,null,null
Wed Jul 15 15:00:03 UTC 2015,false,1043,null,null,null
Wed Jul 15 15:00:03 UTC 2015,true,822,null,null,null
Wed Jul 15 16:00:03 UTC 2015,false,713,null,null,null
Wed Jul 15 16:00:03 UTC 2015,true,678,null,null,null
Wed Jul 15 17:00:03 UTC 2015,false,589,null,null,null
Wed Jul 15 17:00:03 UTC 2015,true,568,null,null,null
Wed Jul 15 18:00:03 UTC 2015,false,481,null,null,null
Wed Jul 15 18:00:03 UTC 2015,true,592,null,null,null
Wed Jul 15 19:00:03 UTC 2015,false,567,null,null,null
Wed Jul 15 19:00:03 UTC 2015,true,578,null,null,null
Wed Jul 15 20:00:03 UTC 2015,false,428,null,null,null
Wed Jul 15 20:00:03 UTC 2015,true,419,null,null,null
Wed Jul 15 21:00:03 UTC 2015,false,376,null,null,null
Wed Jul 15 21:00:03 UTC 2015,true,433,null,null,null
Wed Jul 15 22:00:03 UTC 2015,false,314,null,null,null
Wed Jul 15 22:00:03 UTC 2015,true,410,null,null,null
Wed Jul 15 23:00:03 UTC 2015,false,303,null,null,null
Wed Jul 15 23:00:03 UTC 2015,true,283,null,null,null
Thu Jul 16 00:00:03 UTC 2015,false,251,null,null,null
Thu Jul 16 00:00:03 UTC 2015,true,212,null,null,null
Thu Jul 16 01:00:03 UTC 2015,false,155,null,null,null
Thu Jul 16 01:00:03 UTC 2015,true,205,null,null,null
Thu Jul 16 02:00:03 UTC 2015,false,144,null,null,null
Thu Jul 16 02:00:03 UTC 2015,true,131,null,null,null
Thu Jul 16 03:00:03 UTC 2015,false,166,null,null,null
Thu Jul 16 03:00:03 UTC 2015,true,137,null,null,null
Thu Jul 16 04:00:03 UTC 2015,false,216,null,null,null
Thu Jul 16 04:00:03 UTC 2015,true,196,null,null,null
Thu Jul 16 05:00:03 UTC 2015,false,250,null,null,null
Thu Jul 16 05:00:03 UTC 2015,true,257,null,null,null
Thu Jul 16 06:00:03 UTC 2015,false,278,null,null,null
Thu Jul 16 06:00:03 UTC 2015,true,236,null,null,null
Thu Jul 16 07:00:03 UTC 2015,false,272,null,null,null
Thu Jul 16 07:00:03 UTC 2015,true,383,null,null,null
Thu Jul 16 08:00:03 UTC 2015,false,361,null,null,null
Thu Jul 16 08:00:03 UTC 2015,true,357,null,null,null
Thu Jul 16 09:00:03 UTC 2015,false,280,null,null,null
Thu Jul 16 09:00:03 UTC 2015,true,335,null,null,null
Thu Jul 16 10:00:03 UTC 2015,false,287,null,null,null
Thu Jul 16 10:00:03 UTC 2015,true,459,null,null,null
Thu Jul 16 11:00:03 UTC 2015,false,255,null,null,null
Thu Jul 16 11:00:03 UTC 2015,true,490,null,null,null
Thu Jul 16 12:00:03 UTC 2015,false,239,null,null,null
Thu Jul 16 12:00:03 UTC 2015,true,711,null,null,null
Thu Jul 16 13:00:03 UTC 2015,false,316,null,null,null
Thu Jul 16 13:00:03 UTC 2015,true,455,null,null,null
Thu Jul 16 14:00:03 UTC 2015,false,225,null,null,null
Thu Jul 16 14:00:03 UTC 2015,true,290,null,null,null
Thu Jul 16 15:00:03 UTC 2015,false,246,null,null,null
Thu Jul 16 15:00:03 UTC 2015,true,263,null,null,null
Thu Jul 16 16:00:03 UTC 2015,false,173,null,null,null
Thu Jul 16 16:00:03 UTC 2015,true,316,null,null,null
Thu Jul 16 17:00:03 UTC 2015,false,181,null,null,null
Thu Jul 16 17:00:03 UTC 2015,true,334,null,null,null
Thu Jul 16 18:00:03 UTC 2015,false,268,null,null,null
Thu Jul 16 18:00:03 UTC 2015,true,341,null,null,null
Thu Jul 16 19:00:03 UTC 2015,false,329,null,null,null
Thu Jul 16 19:00:03 UTC 2015,true,418,null,null,null
Thu Jul 16 20:00:03 UTC 2015,false,227,null,null,null
Thu Jul 16 20:00:03 UTC 2015,true,469,null,null,null
Thu Jul 16 21:00:03 UTC 2015,false,173,null,null,null
Thu Jul 16 21:00:03 UTC 2015,true,293,null,null,null
Thu Jul 16 22:00:03 UTC 2015,false,204,null,null,null
Thu Jul 16 22:00:03 UTC 2015,true,200,null,null,null
Thu Jul 16 23:00:03 UTC 2015,false,174,null,null,null
Thu Jul 16 23:00:03 UTC 2015,true,221,null,null,null
Fri Jul 17 00:00:03 UTC 2015,false,229,null,null,null
Fri Jul 17 00:00:03 UTC 2015,true,171,null,null,null
Fri Jul 17 01:00:03 UTC 2015,false,103,null,null,null
Fri Jul 17 01:00:03 UTC 2015,true,117,null,null,null
Fri Jul 17 02:00:03 UTC 2015,false,65,null,null,null
Fri Jul 17 02:00:03 UTC 2015,true,111,null,null,null
Fri Jul 17 03:00:03 UTC 2015,false,89,null,null,null
Fri Jul 17 03:00:03 UTC 2015,true,99,null,null,null
Fri Jul 17 04:00:03 UTC 2015,false,122,null,null,null
Fri Jul 17 04:00:03 UTC 2015,true,174,null,null,null
Fri Jul 17 05:00:03 UTC 2015,false,116,null,null,null
Fri Jul 17 05:00:03 UTC 2015,true,140,null,null,null
Fri Jul 17 06:00:03 UTC 2015,false,150,null,null,null
Fri Jul 17 06:00:03 UTC 2015,true,140,null,null,null
Fri Jul 17 07:00:03 UTC 2015,false,222,null,null,null
Fri Jul 17 07:00:03 UTC 2015,true,166,null,null,null
Fri Jul 17 08:00:03 UTC 2015,false,402,null,null,null
Fri Jul 17 08:00:03 UTC 2015,true,338,null,null,null
Fri Jul 17 09:00:03 UTC 2015,false,383,null,null,null
Fri Jul 17 09:00:03 UTC 2015,true,458,null,null,null
Fri Jul 17 10:00:03 UTC 2015,false,436,null,null,null
Fri Jul 17 10:00:03 UTC 2015,true,528,null,null,null
Fri Jul 17 11:00:03 UTC 2015,false,224,null,null,null
Fri Jul 17 11:00:03 UTC 2015,true,343,null,null,null
Fri Jul 17 12:00:03 UTC 2015,false,175,null,null,null
Fri Jul 17 12:00:03 UTC 2015,true,247,null,null,null
Fri Jul 17 13:00:03 UTC 2015,false,274,null,null,null
Fri Jul 17 13:00:03 UTC 2015,true,239,null,null,null
Fri Jul 17 14:00:03 UTC 2015,false,262,null,null,null
Fri Jul 17 14:00:03 UTC 2015,true,225,null,null,null
Fri Jul 17 15:00:03 UTC 2015,false,167,null,null,null
Fri Jul 17 15:00:03 UTC 2015,true,261,null,null,null
Fri Jul 17 16:00:03 UTC 2015,false,128,null,null,null
Fri Jul 17 16:00:03 UTC 2015,true,291,null,null,null
Fri Jul 17 17:00:03 UTC 2015,false,202,null,null,null
Fri Jul 17 17:00:03 UTC 2015,true,222,null,null,null
Fri Jul 17 18:00:03 UTC 2015,false,201,null,null,null
Fri Jul 17 18:00:03 UTC 2015,true,247,null,null,null
Fri Jul 17 19:00:03 UTC 2015,false,169,null,null,null
Fri Jul 17 19:00:03 UTC 2015,true,200,null,null,null
Fri Jul 17 20:00:03 UTC 2015,false,111,null,null,null
Fri Jul 17 20:00:03 UTC 2015,true,136,null,null,null
Fri Jul 17 21:00:03 UTC 2015,false,79,null,null,null
Fri Jul 17 21:00:03 UTC 2015,true,100,null,null,null
Fri Jul 17 22:00:03 UTC 2015,false,70,null,null,null
Fri Jul 17 22:00:03 UTC 2015,true,102,null,null,null
Fri Jul 17 23:00:03 UTC 2015,false,69,null,null,null
Fri Jul 17 23:00:03 UTC 2015,true,97,null,null,null
Sat Jul 18 00:00:03 UTC 2015,false,45,null,null,null
Sat Jul 18 00:00:03 UTC 2015,true,59,null,null,null
Sat Jul 18 01:00:03 UTC 2015,false,37,null,null,null
Sat Jul 18 01:00:03 UTC 2015,true,66,null,null,null
Sat Jul 18 02:00:03 UTC 2015,false,62,null,null,null
Sat Jul 18 02:00:03 UTC 2015,true,93,null,null,null
Sat Jul 18 03:00:03 UTC 2015,false,53,null,null,null
Sat Jul 18 03:00:03 UTC 2015,true,131,null,null,null
Sat Jul 18 04:00:03 UTC 2015,false,140,null,null,null
Sat Jul 18 04:00:03 UTC 2015,true,157,null,null,null
Sat Jul 18 05:00:03 UTC 2015,false,71,null,null,null
Sat Jul 18 05:00:03 UTC 2015,true,114,null,null,null
Sat Jul 18 06:00:03 UTC 2015,false,101,null,null,null
Sat Jul 18 06:00:03 UTC 2015,true,129,null,null,null
Sat Jul 18 07:00:03 UTC 2015,false,81,null,null,null
Sat Jul 18 07:00:03 UTC 2015,true,132,null,null,null
Sat Jul 18 08:00:03 UTC 2015,false,54,null,null,null
Sat Jul 18 08:00:03 UTC 2015,true,99,null,null,null
Sat Jul 18 09:00:03 UTC 2015,false,78,null,null,null
Sat Jul 18 09:00:03 UTC 2015,true,92,null,null,null
Sat Jul 18 10:00:03 UTC 2015,false,64,null,null,null
Sat Jul 18 10:00:03 UTC 2015,true,62,null,null,null
Sat Jul 18 11:00:03 UTC 2015,false,54,null,null,null
Sat Jul 18 11:00:03 UTC 2015,true,110,null,null,null
Sat Jul 18 16:00:03 UTC 2015,false,4,null,null,null
Sat Jul 18 16:00:03 UTC 2015,true,14,null,null,null
Sat Jul 18 17:00:03 UTC 2015,false,67,null,null,null
Sat Jul 18 17:00:03 UTC 2015,true,158,null,null,null
Sat Jul 18 18:00:03 UTC 2015,false,126,null,null,null
Sat Jul 18 18:00:03 UTC 2015,true,115,null,null,null
Sat Jul 18 19:00:03 UTC 2015,false,78,null,null,null
Sat Jul 18 19:00:03 UTC 2015,true,129,null,null,null
Sat Jul 18 20:00:03 UTC 2015,false,88,null,null,null
Sat Jul 18 20:00:03 UTC 2015,true,122,null,null,null
Sat Jul 18 21:00:03 UTC 2015,false,87,null,null,null
Sat Jul 18 21:00:03 UTC 2015,true,81,null,null,null
Sat Jul 18 22:00:03 UTC 2015,false,130,null,null,null
Sat Jul 18 22:00:03 UTC 2015,true,84,null,null,null
Sat Jul 18 23:00:03 UTC 2015,false,58,null,null,null
Sat Jul 18 23:00:03 UTC 2015,true,50,null,null,null
Sun Jul 19 00:00:03 UTC 2015,false,51,null,null,null
Sun Jul 19 00:00:03 UTC 2015,true,47,null,null,null
Sun Jul 19 01:00:03 UTC 2015,false,46,null,null,null
Sun Jul 19 01:00:03 UTC 2015,true,48,null,null,null
Sun Jul 19 02:00:03 UTC 2015,false,28,null,null,null
Sun Jul 19 02:00:03 UTC 2015,true,40,null,null,null
Sun Jul 19 03:00:03 UTC 2015,false,32,null,null,null
Sun Jul 19 03:00:03 UTC 2015,true,59,null,null,null
Sun Jul 19 04:00:03 UTC 2015,false,52,null,null,null
Sun Jul 19 04:00:03 UTC 2015,true,90,null,null,null
Sun Jul 19 05:00:03 UTC 2015,false,50,null,null,null
Sun Jul 19 05:00:03 UTC 2015,true,103,null,null,null
Sun Jul 19 06:00:03 UTC 2015,false,88,null,null,null
Sun Jul 19 06:00:03 UTC 2015,true,143,null,null,null
Sun Jul 19 07:00:03 UTC 2015,false,96,null,null,null
Sun Jul 19 07:00:03 UTC 2015,true,194,null,null,null
Sun Jul 19 08:00:03 UTC 2015,false,108,null,null,null
Sun Jul 19 08:00:03 UTC 2015,true,221,null,null,null
Sun Jul 19 09:00:03 UTC 2015,false,74,null,null,null
Sun Jul 19 09:00:03 UTC 2015,true,146,null,null,null
Sun Jul 19 10:00:03 UTC 2015,false,82,null,null,null
Sun Jul 19 10:00:03 UTC 2015,true,141,null,null,null
Sun Jul 19 11:00:03 UTC 2015,false,92,null,null,null
Sun Jul 19 11:00:03 UTC 2015,true,128,null,null,null
Sun Jul 19 12:00:03 UTC 2015,false,76,null,null,null
Sun Jul 19 12:00:03 UTC 2015,true,126,null,null,null
Sun Jul 19 13:00:03 UTC 2015,false,100,null,null,null
Sun Jul 19 13:00:03 UTC 2015,true,143,null,null,null
Sun Jul 19 14:00:03 UTC 2015,false,133,null,null,null
Sun Jul 19 14:00:03 UTC 2015,true,131,null,null,null
Sun Jul 19 15:00:03 UTC 2015,false,130,null,null,null
Sun Jul 19 15:00:03 UTC 2015,true,127,null,null,null
Sun Jul 19 16:00:03 UTC 2015,false,180,null,null,null
Sun Jul 19 16:00:03 UTC 2015,true,102,null,null,null
Sun Jul 19 17:00:03 UTC 2015,false,196,null,null,null
Sun Jul 19 17:00:03 UTC 2015,true,94,null,null,null
Sun Jul 19 18:00:03 UTC 2015,false,274,null,null,null
Sun Jul 19 18:00:03 UTC 2015,true,150,null,null,null
Sun Jul 19 19:00:03 UTC 2015,false,223,null,null,null
Sun Jul 19 19:00:03 UTC 2015,true,171,null,null,null
Sun Jul 19 20:00:03 UTC 2015,false,198,null,null,null
Sun Jul 19 20:00:03 UTC 2015,true,165,null,null,null
Sun Jul 19 21:00:03 UTC 2015,false,105,null,null,null
Sun Jul 19 21:00:03 UTC 2015,true,138,null,null,null
Sun Jul 19 22:00:03 UTC 2015,false,93,null,null,null
Sun Jul 19 22:00:03 UTC 2015,true,69,null,null,null
Sun Jul 19 23:00:03 UTC 2015,false,75,null,null,null
Sun Jul 19 23:00:03 UTC 2015,true,75,null,null,null
Mon Jul 20 00:00:03 UTC 2015,false,49,null,null,null
Mon Jul 20 00:00:03 UTC 2015,true,38,null,null,null
Mon Jul 20 01:00:03 UTC 2015,false,37,null,null,null
Mon Jul 20 01:00:03 UTC 2015,true,42,null,null,null
Mon Jul 20 02:00:03 UTC 2015,false,58,null,null,null
Mon Jul 20 02:00:03 UTC 2015,true,67,null,null,null
Mon Jul 20 03:00:03 UTC 2015,false,75,null,null,null
Mon Jul 20 03:00:03 UTC 2015,true,49,null,null,null
Mon Jul 20 04:00:03 UTC 2015,false,70,null,null,null
Mon Jul 20 04:00:03 UTC 2015,true,92,null,null,null
Mon Jul 20 05:00:03 UTC 2015,false,106,null,null,null
Mon Jul 20 05:00:03 UTC 2015,true,157,null,null,null
Mon Jul 20 06:00:03 UTC 2015,false,151,null,null,null
Mon Jul 20 06:00:03 UTC 2015,true,209,null,null,null
Mon Jul 20 07:00:03 UTC 2015,false,214,null,null,null
Mon Jul 20 07:00:03 UTC 2015,true,266,null,null,null
Mon Jul 20 08:00:03 UTC 2015,false,138,null,null,null
Mon Jul 20 08:00:03 UTC 2015,true,177,null,null,null
Mon Jul 20 09:00:03 UTC 2015,false,234,null,null,null
Mon Jul 20 09:00:03 UTC 2015,true,160,null,null,null
Mon Jul 20 10:00:03 UTC 2015,false,237,null,null,null
Mon Jul 20 10:00:03 UTC 2015,true,265,null,null,null
Mon Jul 20 11:00:03 UTC 2015,false,187,null,null,null
Mon Jul 20 11:00:03 UTC 2015,true,355,null,null,null
Mon Jul 20 12:00:03 UTC 2015,false,221,null,null,null
Mon Jul 20 12:00:03 UTC 2015,true,237,null,null,null
Mon Jul 20 13:00:03 UTC 2015,false,145,null,null,null
Mon Jul 20 13:00:03 UTC 2015,true,313,null,null,null
Mon Jul 20 14:00:03 UTC 2015,false,198,null,null,null
Mon Jul 20 14:00:03 UTC 2015,true,330,null,null,null
Mon Jul 20 15:00:03 UTC 2015,false,347,null,null,null
Mon Jul 20 15:00:03 UTC 2015,true,400,null,null,null
Mon Jul 20 16:00:03 UTC 2015,false,251,null,null,null
Mon Jul 20 16:00:03 UTC 2015,true,321,null,null,null
Mon Jul 20 17:00:03 UTC 2015,false,225,null,null,null
Mon Jul 20 17:00:03 UTC 2015,true,311,null,null,null
Mon Jul 20 18:00:03 UTC 2015,false,295,null,null,null
Mon Jul 20 18:00:03 UTC 2015,true,341,null,null,null
Mon Jul 20 19:00:03 UTC 2015,false,186,null,null,null
Mon Jul 20 19:00:03 UTC 2015,true,303,null,null,null
Mon Jul 20 20:00:03 UTC 2015,false,287,null,null,null
Mon Jul 20 20:00:03 UTC 2015,true,242,null,null,null
Mon Jul 20 21:00:03 UTC 2015,false,175,null,null,null
Mon Jul 20 21:00:03 UTC 2015,true,200,null,null,null
Mon Jul 20 22:00:03 UTC 2015,false,141,null,null,null
Mon Jul 20 22:00:03 UTC 2015,true,207,null,null,null
Mon Jul 20 23:00:03 UTC 2015,false,87,null,null,null
Mon Jul 20 23:00:03 UTC 2015,true,155,null,null,null
Tue Jul 21 00:00:03 UTC 2015,false,114,null,null,null
Tue Jul 21 00:00:03 UTC 2015,true,84,null,null,null
Tue Jul 21 01:00:03 UTC 2015,false,62,null,null,null
Tue Jul 21 01:00:03 UTC 2015,true,112,null,null,null
Tue Jul 21 02:00:03 UTC 2015,false,68,null,null,null
Tue Jul 21 02:00:03 UTC 2015,true,83,null,null,null
Tue Jul 21 03:00:03 UTC 2015,false,91,null,null,null
Tue Jul 21 03:00:03 UTC 2015,true,141,null,null,null
Tue Jul 21 04:00:03 UTC 2015,false,112,null,null,null
Tue Jul 21 04:00:03 UTC 2015,true,77,null,null,null
Tue Jul 21 05:00:03 UTC 2015,false,113,null,null,null
Tue Jul 21 05:00:03 UTC 2015,true,129,null,null,null
Tue Jul 21 06:00:03 UTC 2015,false,256,null,null,null
Tue Jul 21 06:00:03 UTC 2015,true,413,null,null,null
Tue Jul 21 07:00:03 UTC 2015,false,433,null,null,null
Tue Jul 21 07:00:03 UTC 2015,true,667,null,null,null
Tue Jul 21 08:00:03 UTC 2015,false,487,null,null,null
Tue Jul 21 08:00:03 UTC 2015,true,608,null,null,null
Tue Jul 21 09:00:03 UTC 2015,false,593,null,null,null
Tue Jul 21 09:00:03 UTC 2015,true,612,null,null,null
Tue Jul 21 10:00:03 UTC 2015,false,412,null,null,null
Tue Jul 21 10:00:03 UTC 2015,true,458,null,null,null
Tue Jul 21 11:00:03 UTC 2015,false,359,null,null,null
Tue Jul 21 11:00:03 UTC 2015,true,346,null,null,null
Tue Jul 21 12:00:03 UTC 2015,false,476,null,null,null
Tue Jul 21 12:00:03 UTC 2015,true,382,null,null,null
Tue Jul 21 13:00:03 UTC 2015,false,348,null,null,null
Tue Jul 21 13:00:03 UTC 2015,true,511,null,null,null
Tue Jul 21 14:00:03 UTC 2015,false,349,null,null,null
Tue Jul 21 14:00:03 UTC 2015,true,381,null,null,null
Tue Jul 21 15:00:03 UTC 2015,false,477,null,null,null
Tue Jul 21 15:00:03 UTC 2015,true,490,null,null,null
Tue Jul 21 16:00:03 UTC 2015,false,485,null,null,null
Tue Jul 21 16:00:03 UTC 2015,true,401,null,null,null
Tue Jul 21 17:00:03 UTC 2015,false,320,null,null,null
Tue Jul 21 17:00:03 UTC 2015,true,425,null,null,null
Tue Jul 21 18:00:03 UTC 2015,false,314,null,null,null
Tue Jul 21 18:00:03 UTC 2015,true,411,null,null,null
Tue Jul 21 19:00:03 UTC 2015,false,329,null,null,null
Tue Jul 21 19:00:03 UTC 2015,true,359,null,null,null
Tue Jul 21 20:00:03 UTC 2015,false,267,null,null,null
Tue Jul 21 20:00:03 UTC 2015,true,311,null,null,null
Tue Jul 21 21:00:03 UTC 2015,false,215,null,null,null
Tue Jul 21 21:00:03 UTC 2015,true,237,null,null,null
Tue Jul 21 22:00:03 UTC 2015,false,182,null,null,null
Tue Jul 21 22:00:03 UTC 2015,true,267,null,null,null
Tue Jul 21 23:00:03 UTC 2015,false,92,null,null,null
Tue Jul 21 23:00:03 UTC 2015,true,122,null,null,null
Wed Jul 22 00:00:03 UTC 2015,false,99,null,null,null
Wed Jul 22 00:00:03 UTC 2015,true,97,null,null,null
Wed Jul 22 01:00:03 UTC 2015,false,105,null,null,null
Wed Jul 22 01:00:03 UTC 2015,true,82,null,null,null
Wed Jul 22 02:00:03 UTC 2015,false,74,null,null,null
Wed Jul 22 02:00:03 UTC 2015,true,109,null,null,null
Wed Jul 22 03:00:03 UTC 2015,false,227,null,null,null
Wed Jul 22 03:00:03 UTC 2015,true,151,null,null,null
Wed Jul 22 04:00:03 UTC 2015,false,235,null,null,null
Wed Jul 22 04:00:03 UTC 2015,true,261,null,null,null
Wed Jul 22 05:00:03 UTC 2015,false,276,null,null,null
Wed Jul 22 05:00:03 UTC 2015,true,304,null,null,null
Wed Jul 22 06:00:03 UTC 2015,false,389,null,null,null
Wed Jul 22 06:00:03 UTC 2015,true,565,null,null,null
Wed Jul 22 07:00:03 UTC 2015,false,460,null,null,null
Wed Jul 22 07:00:03 UTC 2015,true,465,null,null,null
Wed Jul 22 08:00:03 UTC 2015,false,468,null,null,null
Wed Jul 22 08:00:03 UTC 2015,true,565,null,null,null
Wed Jul 22 09:00:03 UTC 2015,false,626,null,null,null
Wed Jul 22 09:00:03 UTC 2015,true,615,null,null,null
Wed Jul 22 10:00:03 UTC 2015,false,819,null,null,null
Wed Jul 22 10:00:03 UTC 2015,true,712,null,null,null
Wed Jul 22 11:00:03 UTC 2015,false,682,null,null,null
Wed Jul 22 11:00:03 UTC 2015,true,700,null,null,null
Wed Jul 22 12:00:03 UTC 2015,false,696,null,null,null
Wed Jul 22 12:00:03 UTC 2015,true,773,null,null,null
Wed Jul 22 13:00:03 UTC 2015,false,650,null,null,null
Wed Jul 22 13:00:03 UTC 2015,true,427,null,null,null
Wed Jul 22 14:00:03 UTC 2015,false,707,null,null,null
Wed Jul 22 14:00:03 UTC 2015,true,555,null,null,null
Wed Jul 22 15:00:03 UTC 2015,false,538,null,null,null
Wed Jul 22 15:00:03 UTC 2015,true,795,null,null,null
Wed Jul 22 16:00:03 UTC 2015,false,562,null,null,null
Wed Jul 22 16:00:03 UTC 2015,true,467,null,null,null
Wed Jul 22 17:00:03 UTC 2015,false,1077,null,null,null
Wed Jul 22 17:00:03 UTC 2015,true,1503,null,null,null
Wed Jul 22 18:00:03 UTC 2015,false,1660,"pti,report,judicial,commission,khan,imran,pakistan,flood,rejected,hamid","RT @KPKUpdates: New Pedestrian bridge near Lahore Adda, #Peshawar to avoid further deaths while crossing GT Road #KPKUpdates http://t.co/rd…|Peshawar school attack: Imran Khan visits families of those killed in Pakistan shooting to say Eid-ul-Fitr prayers… http://t.co/aCQE84vrdG|RT @faheem_wali: It's joke of the century... apparently whatever one succeeds to whisper in his ears,he tell that on media https://t.co/ott…","pti,ptipunctured,ptiwillwinjcinshaallah,pakistan,jcrejectsliarkhan,ik,shutupimrankhan,pmln,mqm,chitral"
Wed Jul 22 18:00:03 UTC 2015,true,3359,null,null,null
Wed Jul 22 19:00:03 UTC 2015,false,1342,null,null,null
Wed Jul 22 19:00:03 UTC 2015,true,2907,"judicial,commission,pti,report,rigging,allegations,govt,media,rejects,election","RT @Shamilmalik: Where is ur change #PTI?Is this is the change u ppl were destroying everything ???  @IButtar @Fereeha @Sultana_malik http:…|RT @HamidYusafzai: MQMers Can Defend A Criminal Mafia. PTI kids Cant Even Defend A  Clean Political Party And Their Honest Leader. Salute T…|@BholiSK we #PTI supporters should learn lesson now. An accusation remains only accusation without evidence. Where is evidence of ""lifafay""?","pti,jcrejectsliarkhan,ptipunctured,drqadriwasright,pmln,ptiwillwinjcinshaallah,pakistanis,shutupimrankhan,drqadri,pakistan"
Wed Jul 22 20:00:03 UTC 2015,false,1120,null,null,null
Wed Jul 22 20:00:03 UTC 2015,true,2212,null,null,null
Wed Jul 22 21:00:03 UTC 2015,false,692,null,null,null
Wed Jul 22 21:00:03 UTC 2015,true,1024,null,null,null
Wed Jul 22 22:00:03 UTC 2015,false,386,null,null,null
Wed Jul 22 22:00:03 UTC 2015,true,501,null,null,null
Wed Jul 22 23:00:03 UTC 2015,false,258,null,null,null
Wed Jul 22 23:00:03 UTC 2015,true,341,null,null,null
Thu Jul 23 00:00:03 UTC 2015,false,195,null,null,null
Thu Jul 23 00:00:03 UTC 2015,true,228,null,null,null
Thu Jul 23 01:00:03 UTC 2015,false,174,null,null,null
Thu Jul 23 01:00:03 UTC 2015,true,201,null,null,null
Thu Jul 23 02:00:03 UTC 2015,false,189,null,null,null
Thu Jul 23 02:00:03 UTC 2015,true,237,null,null,null
Thu Jul 23 03:00:03 UTC 2015,false,203,null,null,null
Thu Jul 23 03:00:03 UTC 2015,true,265,null,null,null
Thu Jul 23 04:00:03 UTC 2015,false,350,null,null,null
Thu Jul 23 04:00:03 UTC 2015,true,419,null,null,null
Thu Jul 23 05:00:03 UTC 2015,false,433,null,null,null
Thu Jul 23 05:00:03 UTC 2015,true,620,null,null,null
Thu Jul 23 06:00:03 UTC 2015,false,564,null,null,null
Thu Jul 23 06:00:03 UTC 2015,true,984,null,null,null
Thu Jul 23 07:00:03 UTC 2015,false,617,null,null,null
Thu Jul 23 07:00:03 UTC 2015,true,1187,null,null,null
Thu Jul 23 08:00:03 UTC 2015,false,872,null,null,null
Thu Jul 23 08:00:03 UTC 2015,true,1576,null,null,null
Thu Jul 23 09:00:03 UTC 2015,false,1284,null,null,null
Thu Jul 23 09:00:03 UTC 2015,true,2363,null,null,null
Thu Jul 23 10:00:03 UTC 2015,false,1538,null,null,null
Thu Jul 23 10:00:03 UTC 2015,true,2948,null,null,null
Thu Jul 23 11:00:03 UTC 2015,false,1651,null,null,null
Thu Jul 23 11:00:03 UTC 2015,true,2752,null,null,null
Thu Jul 23 12:00:03 UTC 2015,false,1637,null,null,null
Thu Jul 23 12:00:03 UTC 2015,true,3077,"pti,commission,judicial,report,pmln,govt,khan,result,agreement,parties",RT @ImranKhanPTI: The JC was formed as a result of agreement between PTI &amp; PMLN govt. There are 2 parties in the case. Why have we not rece…|RT @SiasiTv: Jehangir Tareen demands attested copy of Judicial Commission Report from supreme court -  http://t.co/rbQ9qCIKWq http://t.co/P…|My bet: Judicial commission report will help already reluctant PMLN to further slow down the process of much needed electoral reforms.,"pti,میں_کپتان_کے_ساتھ_ہوں,releasejudcommreport,ﻣﯿﮟ_ﮐﭙﺘﺎﻥ_ﮐﮯ_ﺳﺎﺗﮫ_ﮨﻮﮞ,againdrqadriprovenright,pmln,lyingmachinenoon,pakistan,westandwithik,gonawazgoagain"
Thu Jul 23 13:00:03 UTC 2015,false,1494,null,null,null
Thu Jul 23 13:00:03 UTC 2015,true,3160,null,null,null
Thu Jul 23 14:00:03 UTC 2015,false,2221,"pti,report,pakistan,commission,khan,judicial,imran,nation,elections,dharna",RT @PTISalarKhan: All Kinds Of Rigging Proven In JC &amp; They Manipulate It By Synonymism ! We Keep Fighting For Naya Pakistan! #WeStandByIKAg…|@kashifcds in my view somebody in #pti mis informed #ik and his fault is that he continued to believe him|Severe weather in #Pakistan: 275000 people affected in Chitral district in Khyber Pakhtunkhwa. http://t.co/3arobys9Ff http://t.co/k2h3ub0Vzp,"pti,gonawazgoagain,ik,gonawazgo,pakistan,judicialcommission,pmln,againdrqadriprovenright,westandwithik,releasejudcommreport"
Thu Jul 23 14:00:03 UTC 2015,true,2839,null,null,null
Thu Jul 23 15:00:03 UTC 2015,false,1609,null,null,null
Thu Jul 23 15:00:03 UTC 2015,true,2139,null,null,null
Thu Jul 23 16:00:03 UTC 2015,false,1400,null,null,null
Thu Jul 23 16:00:03 UTC 2015,true,1674,null,null,null
Thu Jul 23 17:00:03 UTC 2015,false,1467,null,null,null
Thu Jul 23 17:00:03 UTC 2015,true,2014,null,null,null
Thu Jul 23 18:00:03 UTC 2015,false,1773,null,null,null
Thu Jul 23 18:00:03 UTC 2015,true,2273,null,null,null
Thu Jul 23 19:00:03 UTC 2015,false,1339,null,null,null
Thu Jul 23 19:00:03 UTC 2015,true,1515,null,null,null
Thu Jul 23 20:00:03 UTC 2015,false,879,null,null,null
Thu Jul 23 20:00:03 UTC 2015,true,1183,null,null,null
Thu Jul 23 21:00:03 UTC 2015,false,792,null,null,null
Thu Jul 23 21:00:03 UTC 2015,true,1184,null,null,null
Thu Jul 23 22:00:03 UTC 2015,false,615,null,null,null
Thu Jul 23 22:00:03 UTC 2015,true,481,null,null,null
Thu Jul 23 23:00:03 UTC 2015,false,348,null,null,null
Thu Jul 23 23:00:03 UTC 2015,true,299,null,null,null
Fri Jul 24 00:00:03 UTC 2015,false,282,null,null,null
Fri Jul 24 00:00:03 UTC 2015,true,247,null,null,null
Fri Jul 24 01:00:03 UTC 2015,false,350,null,null,null
Fri Jul 24 01:00:03 UTC 2015,true,309,null,null,null
Fri Jul 24 02:00:03 UTC 2015,false,280,null,null,null
Fri Jul 24 02:00:03 UTC 2015,true,307,null,null,null
Fri Jul 24 03:00:03 UTC 2015,false,343,null,null,null
Fri Jul 24 03:00:03 UTC 2015,true,339,null,null,null
Fri Jul 24 04:00:03 UTC 2015,false,330,null,null,null
Fri Jul 24 04:00:03 UTC 2015,true,547,null,null,null
Fri Jul 24 05:00:03 UTC 2015,false,818,null,null,null
Fri Jul 24 05:00:03 UTC 2015,true,866,null,null,null
Fri Jul 24 06:00:03 UTC 2015,false,687,null,null,null
Fri Jul 24 06:00:03 UTC 2015,true,784,null,null,null
Fri Jul 24 07:00:03 UTC 2015,false,951,null,null,null
Fri Jul 24 07:00:03 UTC 2015,true,1565,null,null,null
Fri Jul 24 08:00:03 UTC 2015,false,1867,null,null,null
Fri Jul 24 08:00:03 UTC 2015,true,3624,null,null,null
Fri Jul 24 09:00:03 UTC 2015,false,2090,null,null,null
Fri Jul 24 09:00:03 UTC 2015,true,3437,null,null,null
Fri Jul 24 10:00:03 UTC 2015,false,1857,"man,pti,khan,imran,report,people,pakistan,won,true,pakistani",RT @faryal_ishfaq: #IfElectionsAreFairThen When will u wake up Patwaris??? We want a better election in Pakistan...!! #IKPrideOfPak http://…|RT @FarhanKVirk: #JCReportIsFlawed This is the reality of how courts in Pakistan operate! We reject such decisions! http://t.co/l4YST3LIOq|RT @FasihaFarrukh: We will challenge the eligibility of imran khan in courts according to the Article 62: @KanwarNaveedJam  #MQM #pti #Paki…,"ikprideofpak,jcreportisflawed,pti,judicialcommission,ik,pakistan,ifelectionsarefairthen,kpkupdates,ब,mqm"
Fri Jul 24 10:00:03 UTC 2015,true,3435,"khan,dharna,pti,report,judicial,commission,retweet,pakistan,leader,bjp","@kamranakhtar588 @Ali_MuhammadPTI Sir plz demand y JC formed after a yr? Y not blaming 20other PolParties who failed to prove rigging in KPK|RT @afarazay: Insafian v r family our trust and will never shake on our great leader  #IKPrideOfPak|RT @IAmTathagat: Exclusive pic of BJP leaders (who calls AAP, a Dharna Party) doing Dharna themselves.  #बीजेपी_मस्त_धरना_देती_हैं http://t…","ikprideofpak,jcreportisflawed,ब,pti,judicialcommission,نواز_بچاو_عدلیہ,kpkupdates,ifelectionsarefairthen,chitral,ik"
Fri Jul 24 11:00:03 UTC 2015,false,1537,null,null,null
Fri Jul 24 11:00:03 UTC 2015,true,2867,null,null,null
Fri Jul 24 12:00:03 UTC 2015,false,1386,null,null,null
Fri Jul 24 12:00:03 UTC 2015,true,2503,null,null,null
Fri Jul 24 13:00:03 UTC 2015,false,1428,null,null,null
Fri Jul 24 13:00:03 UTC 2015,true,1749,null,null,null
Fri Jul 24 14:00:03 UTC 2015,false,1375,null,null,null
Fri Jul 24 14:00:03 UTC 2015,true,1361,null,null,null
Fri Jul 24 15:00:03 UTC 2015,false,1125,null,null,null
Fri Jul 24 15:00:03 UTC 2015,true,1553,null,null,null
Fri Jul 24 16:00:03 UTC 2015,false,1179,null,null,null
Fri Jul 24 16:00:03 UTC 2015,true,1438,null,null,null
Fri Jul 24 17:00:03 UTC 2015,false,1111,null,null,null
Fri Jul 24 17:00:03 UTC 2015,true,1503,null,null,null
Fri Jul 24 18:00:03 UTC 2015,false,1273,null,null,null
Fri Jul 24 18:00:03 UTC 2015,true,1434,null,null,null
Fri Jul 24 19:00:03 UTC 2015,false,1117,null,null,null
Fri Jul 24 19:00:03 UTC 2015,true,1261,null,null,null
Fri Jul 24 20:00:03 UTC 2015,false,798,null,null,null
Fri Jul 24 20:00:03 UTC 2015,true,922,null,null,null
Fri Jul 24 21:00:03 UTC 2015,false,845,null,null,null
Fri Jul 24 21:00:03 UTC 2015,true,1166,null,null,null
Fri Jul 24 22:00:03 UTC 2015,false,459,null,null,null
Fri Jul 24 22:00:03 UTC 2015,true,638,null,null,null
Fri Jul 24 23:00:03 UTC 2015,false,305,null,null,null
Fri Jul 24 23:00:03 UTC 2015,true,466,null,null,null
Sat Jul 25 00:00:03 UTC 2015,false,205,null,null,null
Sat Jul 25 00:00:03 UTC 2015,true,326,null,null,null
Sat Jul 25 01:00:03 UTC 2015,false,183,null,null,null
Sat Jul 25 01:00:03 UTC 2015,true,250,null,null,null
Sat Jul 25 02:00:03 UTC 2015,false,247,null,null,null
Sat Jul 25 02:00:03 UTC 2015,true,314,null,null,null
Sat Jul 25 03:00:03 UTC 2015,false,246,null,null,null
Sat Jul 25 03:00:03 UTC 2015,true,370,null,null,null
Sat Jul 25 04:00:03 UTC 2015,false,302,null,null,null
Sat Jul 25 04:00:03 UTC 2015,true,431,null,null,null
Sat Jul 25 05:00:03 UTC 2015,false,407,null,null,null
Sat Jul 25 05:00:03 UTC 2015,true,550,null,null,null
Sat Jul 25 06:00:03 UTC 2015,false,639,null,null,null
Sat Jul 25 06:00:03 UTC 2015,true,687,null,null,null
Sat Jul 25 07:00:03 UTC 2015,false,552,null,null,null
Sat Jul 25 07:00:03 UTC 2015,true,750,null,null,null
Sat Jul 25 08:00:03 UTC 2015,false,492,null,null,null
Sat Jul 25 08:00:03 UTC 2015,true,765,null,null,null
Sat Jul 25 09:00:03 UTC 2015,false,609,null,null,null
Sat Jul 25 09:00:03 UTC 2015,true,944,null,null,null
Sat Jul 25 10:00:03 UTC 2015,false,633,null,null,null
Sat Jul 25 10:00:03 UTC 2015,true,793,null,null,null
Sat Jul 25 11:00:03 UTC 2015,false,579,null,null,null
Sat Jul 25 11:00:03 UTC 2015,true,1135,null,null,null
Sat Jul 25 12:00:03 UTC 2015,false,878,null,null,null
Sat Jul 25 12:00:03 UTC 2015,true,1227,null,null,null
Sat Jul 25 13:00:03 UTC 2015,false,3432,null,null,null
Sat Jul 25 13:00:03 UTC 2015,true,2972,null,null,null
Sat Jul 25 14:00:03 UTC 2015,false,2557,"pti,mqm,commission,election,khan,pakistan,london,imran,police,workers","#PTI protesting agnst #MQM in #London? WTF? Which other country's political parties agitate agnst each other in 3rd country? Anyone at all?|RT @ImranSiddiquie: Enemy of #Pakistan Enemy of #Karachi Imran Khan - #IKPuncturedPTI #PTI http://t.co/oZc0GqioHX|RT @NihariFan: What the… Azam Swati says dharna failed as people in establishment who promised support left us at crucial time http://t.co/…","pti,mqm,ikpuncturedpti,longlivealtafhussain,pakistan,wechallengejcreport,faisalvawdavsaltaf,الیکشن_کمیشن_استعف,ikpresscon,london"
Sat Jul 25 14:00:03 UTC 2015,true,2454,"pti,commission,khan,judicial,report,imran,pakistan,dharna,election,mqm","RT @Quaid_Ka_Pak: @ShaFiQChohaN130 today hashtag is #LongLiveAltafHussain and for pti #IKpuncheredPTI|UN Independent Commission of Inquiry (Gaza)! http://t.co/riTXKHv5LN|RT @PTIofficial: Chairman @ImranKhanPTI to address an important press conference after the JC report, today at 6:00pm  Watch live: http://t…","pti,الیکشن_کمیشن_استعف,wechallengejcreport,ikpuncturedpti,رو_الزام_خان_رو,ikpresscon,longlivealtafhussain,imrankhan,jcreport,ikpresser"
Sat Jul 25 15:00:03 UTC 2015,false,1676,null,null,null
Sat Jul 25 15:00:03 UTC 2015,true,1437,null,null,null
Sat Jul 25 16:00:03 UTC 2015,false,1600,null,null,null
Sat Jul 25 16:00:03 UTC 2015,true,1437,null,null,null
Sat Jul 25 17:00:03 UTC 2015,false,1082,null,null,null
Sat Jul 25 17:00:03 UTC 2015,true,1413,null,null,null
Sat Jul 25 18:00:03 UTC 2015,false,958,null,null,null
Sat Jul 25 18:00:03 UTC 2015,true,1187,null,null,null
Sat Jul 25 19:00:03 UTC 2015,false,1035,null,null,null
Sat Jul 25 19:00:03 UTC 2015,true,1268,null,null,null
Sat Jul 25 20:00:03 UTC 2015,false,902,null,null,null
Sat Jul 25 20:00:03 UTC 2015,true,765,null,null,null
Sat Jul 25 21:00:03 UTC 2015,false,550,null,null,null
Sat Jul 25 21:00:03 UTC 2015,true,538,null,null,null
Sat Jul 25 22:00:03 UTC 2015,false,371,null,null,null
Sat Jul 25 22:00:03 UTC 2015,true,457,null,null,null
Sat Jul 25 23:00:03 UTC 2015,false,252,null,null,null
Sat Jul 25 23:00:03 UTC 2015,true,313,null,null,null
Sun Jul 26 00:00:03 UTC 2015,false,319,null,null,null
Sun Jul 26 00:00:03 UTC 2015,true,270,null,null,null
Sun Jul 26 01:00:03 UTC 2015,false,235,null,null,null
Sun Jul 26 01:00:03 UTC 2015,true,194,null,null,null
Sun Jul 26 02:00:03 UTC 2015,false,193,null,null,null
Sun Jul 26 02:00:03 UTC 2015,true,216,null,null,null
Sun Jul 26 03:00:03 UTC 2015,false,240,null,null,null
Sun Jul 26 03:00:03 UTC 2015,true,263,null,null,null
Sun Jul 26 04:00:03 UTC 2015,false,290,null,null,null
Sun Jul 26 04:00:03 UTC 2015,true,300,null,null,null
Sun Jul 26 05:00:03 UTC 2015,false,408,null,null,null
Sun Jul 26 05:00:03 UTC 2015,true,520,null,null,null
Sun Jul 26 06:00:03 UTC 2015,false,1253,null,null,null
Sun Jul 26 06:00:03 UTC 2015,true,1238,null,null,null
Sun Jul 26 07:00:03 UTC 2015,false,1091,null,null,null
Sun Jul 26 07:00:03 UTC 2015,true,1002,null,null,null
Sun Jul 26 08:00:03 UTC 2015,false,961,"pti,work,pakistan,naya,khan,hard,wasted,step,believed,giant",@TahirLatif4 There's no other option left for @ImranKhanPTI but to perform in KP as rehtoric of rigging has lost its signifinance.|@ImranKhanPTI @PTIofficial Instinct apart the party needs to be organised at  street level. Time to give rest to SMQ and JKT|RT @DocImran76: @ImranKhanPTI laanet ho asey judicial commission aur report pe jin andho ko rigging nazar nai ati .sari qaum inko jotay mar…,"pti,چلوچلو_عمران_کے_ساتھ,pakistan,kpk,ik,عمران_قوم_سےمعافی_مانگو,chitral,pmln,mqm,courtsforsale"
Sun Jul 26 08:00:03 UTC 2015,true,793,null,null,null
Sun Jul 26 09:00:03 UTC 2015,false,885,null,null,null
Sun Jul 26 09:00:03 UTC 2015,true,1025,null,null,null
Sun Jul 26 10:00:03 UTC 2015,false,906,null,null,null
Sun Jul 26 10:00:03 UTC 2015,true,939,null,null,null
Sun Jul 26 11:00:03 UTC 2015,false,687,null,null,null
Sun Jul 26 11:00:03 UTC 2015,true,784,null,null,null
Sun Jul 26 12:00:03 UTC 2015,false,801,null,null,null
Sun Jul 26 12:00:03 UTC 2015,true,878,null,null,null
Sun Jul 26 13:00:03 UTC 2015,false,796,null,null,null
Sun Jul 26 13:00:03 UTC 2015,true,883,null,null,null
Sun Jul 26 14:00:03 UTC 2015,false,898,null,null,null
Sun Jul 26 14:00:03 UTC 2015,true,707,null,null,null
Sun Jul 26 15:00:03 UTC 2015,false,1044,null,null,null
Sun Jul 26 15:00:03 UTC 2015,true,910,null,null,null
Sun Jul 26 16:00:03 UTC 2015,false,1018,"pti,khan,protest,pakistan,imran,london,downing,mqm,report,political","RT @shafidpk: @moinkhan00921 @dakhattak there is difrence btwn voter nd suportr.. #PTI hv only FB nd Twitters folwrs. Reality is difrnt|RT @HamayunJogezai: Imran Khan &amp; PTI were only ones that struggled to get Insaf for voters. JC verdict exposed negligence &amp; incompetence of…|Workers of all political parties have been jailed,flogged,tortured,the only exception is #PTI,that is why r bold enough to malign SC judges","pti,pakistan,judicialcommission,ukgovtarrestaltafhussain,ikpuncturedpti,pmln,mqm,pp100,ik,nawazsharif"
Sun Jul 26 16:00:03 UTC 2015,true,904,null,null,null
Sun Jul 26 17:00:03 UTC 2015,false,994,null,null,null
Sun Jul 26 17:00:03 UTC 2015,true,865,null,null,null
Sun Jul 26 18:00:03 UTC 2015,false,1010,null,null,null
Sun Jul 26 18:00:03 UTC 2015,true,737,null,null,null
Sun Jul 26 19:00:03 UTC 2015,false,974,null,null,null
Sun Jul 26 19:00:03 UTC 2015,true,618,null,null,null
Sun Jul 26 20:00:03 UTC 2015,false,656,null,null,null
Sun Jul 26 20:00:03 UTC 2015,true,485,null,null,null
Sun Jul 26 21:00:03 UTC 2015,false,537,null,null,null
Sun Jul 26 21:00:03 UTC 2015,true,432,null,null,null
Sun Jul 26 22:00:03 UTC 2015,false,279,null,null,null
Sun Jul 26 22:00:03 UTC 2015,true,242,null,null,null
Sun Jul 26 23:00:03 UTC 2015,false,230,null,null,null
Sun Jul 26 23:00:03 UTC 2015,true,187,null,null,null
Mon Jul 27 00:00:03 UTC 2015,false,179,null,null,null
Mon Jul 27 00:00:03 UTC 2015,true,169,null,null,null
Mon Jul 27 01:00:03 UTC 2015,false,271,null,null,null
Mon Jul 27 01:00:03 UTC 2015,true,194,null,null,null
Mon Jul 27 02:00:03 UTC 2015,false,248,null,null,null
Mon Jul 27 02:00:03 UTC 2015,true,254,null,null,null
Mon Jul 27 03:00:03 UTC 2015,false,192,null,null,null
Mon Jul 27 03:00:03 UTC 2015,true,212,null,null,null
Mon Jul 27 04:00:03 UTC 2015,false,369,null,null,null
Mon Jul 27 04:00:03 UTC 2015,true,293,null,null,null
Mon Jul 27 05:00:03 UTC 2015,false,324,null,null,null
Mon Jul 27 05:00:03 UTC 2015,true,303,null,null,null
Mon Jul 27 06:00:03 UTC 2015,false,503,null,null,null
Mon Jul 27 06:00:03 UTC 2015,true,481,null,null,null
Mon Jul 27 07:00:03 UTC 2015,false,624,null,null,null
Mon Jul 27 07:00:03 UTC 2015,true,570,null,null,null
Mon Jul 27 08:00:03 UTC 2015,false,578,null,null,null
Mon Jul 27 08:00:03 UTC 2015,true,625,null,null,null
Mon Jul 27 09:00:03 UTC 2015,false,631,null,null,null
Mon Jul 27 09:00:03 UTC 2015,true,443,null,null,null
Mon Jul 27 10:00:03 UTC 2015,false,564,null,null,null
Mon Jul 27 10:00:03 UTC 2015,true,696,null,null,null
Mon Jul 27 11:00:03 UTC 2015,false,801,null,null,null
Mon Jul 27 11:00:03 UTC 2015,true,789,null,null,null
Mon Jul 27 12:00:03 UTC 2015,false,700,null,null,null
Mon Jul 27 12:00:03 UTC 2015,true,825,null,null,null
Mon Jul 27 13:00:03 UTC 2015,false,515,null,null,null
Mon Jul 27 13:00:03 UTC 2015,true,650,null,null,null
Mon Jul 27 14:00:03 UTC 2015,false,598,null,null,null
Mon Jul 27 14:00:03 UTC 2015,true,775,null,null,null
Mon Jul 27 15:00:03 UTC 2015,false,1743,"pti,kalam,president,abdul,apj,khan,national,days,government,mourning","RT @Palwasha_Abbas: But for how long can Ik hide and avoid all he humiliated during dharna Ik should apologise  https://t.co/0NV7As5jaN|RT @RamshaShafi: #PTI to Donate their Salaries to Flood Victims.An excellent gesture!|RT @AatifAzio: PTI is violating the agreement says Ishaq Dar.  #ROFL #Pmln #Pti http://t.co/X07qtP0tS7","pti,newsalert,kpkupdates,pakistan,pmln,peshawar,gonawazgo,mqm,judicialcommission,ppp"
Mon Jul 27 15:00:03 UTC 2015,true,1022,null,null,null
Mon Jul 27 16:00:03 UTC 2015,false,1129,null,null,null
Mon Jul 27 16:00:03 UTC 2015,true,879,null,null,null
Mon Jul 27 17:00:03 UTC 2015,false,735,null,null,null
Mon Jul 27 17:00:03 UTC 2015,true,711,null,null,null
Mon Jul 27 18:00:03 UTC 2015,false,647,null,null,null
Mon Jul 27 18:00:03 UTC 2015,true,872,null,null,null
Mon Jul 27 19:00:03 UTC 2015,false,488,null,null,null
Mon Jul 27 19:00:03 UTC 2015,true,864,null,null,null
Mon Jul 27 20:00:03 UTC 2015,false,422,null,null,null
Mon Jul 27 20:00:03 UTC 2015,true,581,null,null,null
Mon Jul 27 21:00:03 UTC 2015,false,474,null,null,null
Mon Jul 27 21:00:03 UTC 2015,true,453,null,null,null
Mon Jul 27 22:00:03 UTC 2015,false,286,null,null,null
Mon Jul 27 22:00:03 UTC 2015,true,379,null,null,null
Mon Jul 27 23:00:03 UTC 2015,false,167,null,null,null
Mon Jul 27 23:00:03 UTC 2015,true,253,null,null,null
Tue Jul 28 00:00:03 UTC 2015,false,126,null,null,null
Tue Jul 28 00:00:03 UTC 2015,true,193,null,null,null
Tue Jul 28 01:00:03 UTC 2015,false,139,null,null,null
Tue Jul 28 01:00:03 UTC 2015,true,154,null,null,null
Tue Jul 28 02:00:03 UTC 2015,false,162,null,null,null
Tue Jul 28 02:00:03 UTC 2015,true,196,null,null,null
Tue Jul 28 03:00:03 UTC 2015,false,174,null,null,null
Tue Jul 28 03:00:03 UTC 2015,true,228,null,null,null
Tue Jul 28 04:00:03 UTC 2015,false,217,null,null,null
Tue Jul 28 04:00:03 UTC 2015,true,422,null,null,null
Tue Jul 28 05:00:03 UTC 2015,false,400,null,null,null
Tue Jul 28 05:00:03 UTC 2015,true,492,null,null,null
Tue Jul 28 06:00:03 UTC 2015,false,434,null,null,null
Tue Jul 28 06:00:03 UTC 2015,true,614,null,null,null
Tue Jul 28 07:00:03 UTC 2015,false,744,null,null,null
Tue Jul 28 07:00:03 UTC 2015,true,774,null,null,null
Tue Jul 28 08:00:03 UTC 2015,false,420,null,null,null
Tue Jul 28 08:00:03 UTC 2015,true,476,null,null,null
Tue Jul 28 09:00:03 UTC 2015,false,747,null,null,null
Tue Jul 28 09:00:03 UTC 2015,true,817,null,null,null
Tue Jul 28 10:00:03 UTC 2015,false,597,null,null,null
Tue Jul 28 10:00:03 UTC 2015,true,803,null,null,null
Tue Jul 28 11:00:03 UTC 2015,false,387,null,null,null
Tue Jul 28 11:00:03 UTC 2015,true,685,null,null,null
Tue Jul 28 12:00:03 UTC 2015,false,430,null,null,null
Tue Jul 28 12:00:03 UTC 2015,true,687,null,null,null
Tue Jul 28 13:00:03 UTC 2015,false,475,null,null,null
Tue Jul 28 13:00:03 UTC 2015,true,597,null,null,null
Tue Jul 28 14:00:03 UTC 2015,false,368,null,null,null
Tue Jul 28 14:00:03 UTC 2015,true,517,null,null,null
Tue Jul 28 15:00:03 UTC 2015,false,600,null,null,null
Tue Jul 28 15:00:03 UTC 2015,true,688,null,null,null
Tue Jul 28 16:00:03 UTC 2015,false,492,null,null,null
Tue Jul 28 16:00:03 UTC 2015,true,736,null,null,null
Tue Jul 28 17:00:03 UTC 2015,false,697,null,null,null
Tue Jul 28 17:00:03 UTC 2015,true,944,null,null,null
Tue Jul 28 18:00:03 UTC 2015,false,630,null,null,null
Tue Jul 28 18:00:03 UTC 2015,true,851,null,null,null
Tue Jul 28 19:00:03 UTC 2015,false,537,null,null,null
Tue Jul 28 19:00:03 UTC 2015,true,795,null,null,null
Tue Jul 28 20:00:03 UTC 2015,false,650,null,null,null
Tue Jul 28 20:00:03 UTC 2015,true,636,null,null,null
Tue Jul 28 21:00:03 UTC 2015,false,332,null,null,null
Tue Jul 28 21:00:03 UTC 2015,true,408,null,null,null
Tue Jul 28 22:00:03 UTC 2015,false,209,null,null,null
Tue Jul 28 22:00:03 UTC 2015,true,252,null,null,null
Tue Jul 28 23:00:03 UTC 2015,false,117,null,null,null
Tue Jul 28 23:00:03 UTC 2015,true,133,null,null,null
Wed Jul 29 00:00:03 UTC 2015,false,151,null,null,null
Wed Jul 29 00:00:03 UTC 2015,true,184,null,null,null
Wed Jul 29 01:00:03 UTC 2015,false,113,null,null,null
Wed Jul 29 01:00:03 UTC 2015,true,110,null,null,null
Wed Jul 29 02:00:03 UTC 2015,false,127,null,null,null
Wed Jul 29 02:00:03 UTC 2015,true,140,null,null,null
Wed Jul 29 03:00:03 UTC 2015,false,140,null,null,null
Wed Jul 29 03:00:03 UTC 2015,true,196,null,null,null
Wed Jul 29 04:00:03 UTC 2015,false,212,null,null,null
Wed Jul 29 04:00:03 UTC 2015,true,231,null,null,null
Wed Jul 29 05:00:03 UTC 2015,false,199,null,null,null
Wed Jul 29 05:00:03 UTC 2015,true,275,null,null,null
Wed Jul 29 06:00:03 UTC 2015,false,360,null,null,null
Wed Jul 29 06:00:03 UTC 2015,true,413,null,null,null
Wed Jul 29 07:00:03 UTC 2015,false,353,null,null,null
Wed Jul 29 07:00:03 UTC 2015,true,740,null,null,null
Wed Jul 29 08:00:03 UTC 2015,false,399,null,null,null
Wed Jul 29 08:00:03 UTC 2015,true,673,null,null,null
Wed Jul 29 09:00:03 UTC 2015,false,419,null,null,null
Wed Jul 29 09:00:03 UTC 2015,true,654,null,null,null
Wed Jul 29 10:00:03 UTC 2015,false,643,null,null,null
Wed Jul 29 10:00:03 UTC 2015,true,1043,null,null,null
Wed Jul 29 11:00:03 UTC 2015,false,515,null,null,null
Wed Jul 29 11:00:03 UTC 2015,true,879,null,null,null
Wed Jul 29 12:00:03 UTC 2015,false,406,null,null,null
Wed Jul 29 12:00:03 UTC 2015,true,690,null,null,null
Wed Jul 29 13:00:03 UTC 2015,false,483,null,null,null
Wed Jul 29 13:00:03 UTC 2015,true,612,null,null,null
Wed Jul 29 14:00:03 UTC 2015,false,659,null,null,null
Wed Jul 29 14:00:03 UTC 2015,true,894,null,null,null
Wed Jul 29 15:00:03 UTC 2015,false,893,null,null,null
Wed Jul 29 15:00:03 UTC 2015,true,930,null,null,null
Wed Jul 29 16:00:03 UTC 2015,false,841,"pti,khan,pakistan,mqm,pmln,govt,parliament,desperate,support,today",PTI think tank has failed miserably. GIVE opportunity to young ones on the patterns of Jamaat e Islami &amp; Jamiat Talba. DONT STOP VERBAL WAR.|@ammarmasood3 pti bashing has become fashion of late!|RT @Only4Mohajir: Future of #PTI parliamentarians are in #MQM hands. MQM should follow the constitution. @abidifactor @WasayJalil @azizabad…,"himmathytukarodeseat,pti,kpkupdates,mqm,pakistan,peshawar,chitral,pmln,nayakp,ik"
Wed Jul 29 16:00:03 UTC 2015,true,950,null,null,null
Wed Jul 29 17:00:03 UTC 2015,false,750,null,null,null
Wed Jul 29 17:00:03 UTC 2015,true,1035,null,null,null
Wed Jul 29 18:00:03 UTC 2015,false,707,null,null,null
Wed Jul 29 18:00:03 UTC 2015,true,878,null,null,null
Wed Jul 29 19:00:03 UTC 2015,false,483,null,null,null
Wed Jul 29 19:00:03 UTC 2015,true,816,null,null,null
Wed Jul 29 20:00:03 UTC 2015,false,580,null,null,null
Wed Jul 29 20:00:03 UTC 2015,true,791,null,null,null
Wed Jul 29 21:00:03 UTC 2015,false,431,null,null,null
Wed Jul 29 21:00:03 UTC 2015,true,592,null,null,null
Wed Jul 29 22:00:03 UTC 2015,false,458,null,null,null
Wed Jul 29 22:00:03 UTC 2015,true,647,null,null,null
Wed Jul 29 23:00:03 UTC 2015,false,369,null,null,null
Wed Jul 29 23:00:03 UTC 2015,true,579,null,null,null
Thu Jul 30 00:00:03 UTC 2015,false,273,null,null,null
Thu Jul 30 00:00:03 UTC 2015,true,395,null,null,null
Thu Jul 30 01:00:03 UTC 2015,false,216,null,null,null
Thu Jul 30 01:00:03 UTC 2015,true,378,null,null,null
Thu Jul 30 02:00:03 UTC 2015,false,211,null,null,null
Thu Jul 30 02:00:03 UTC 2015,true,361,null,null,null
Thu Jul 30 03:00:03 UTC 2015,false,330,null,null,null
Thu Jul 30 03:00:03 UTC 2015,true,446,null,null,null
Thu Jul 30 04:00:03 UTC 2015,false,582,null,null,null
Thu Jul 30 04:00:03 UTC 2015,true,652,null,null,null
Thu Jul 30 05:00:03 UTC 2015,false,958,null,null,null
Thu Jul 30 05:00:03 UTC 2015,true,894,null,null,null
Thu Jul 30 06:00:03 UTC 2015,false,553,null,null,null
Thu Jul 30 06:00:03 UTC 2015,true,522,null,null,null
Thu Jul 30 07:00:03 UTC 2015,false,459,null,null,null
Thu Jul 30 07:00:03 UTC 2015,true,567,null,null,null
Thu Jul 30 08:00:03 UTC 2015,false,570,null,null,null
Thu Jul 30 08:00:03 UTC 2015,true,658,null,null,null
Thu Jul 30 09:00:03 UTC 2015,false,537,null,null,null
Thu Jul 30 09:00:03 UTC 2015,true,769,null,null,null
Thu Jul 30 10:00:03 UTC 2015,false,793,null,null,null
Thu Jul 30 10:00:03 UTC 2015,true,701,null,null,null
Thu Jul 30 11:00:03 UTC 2015,false,629,null,null,null
Thu Jul 30 11:00:03 UTC 2015,true,767,null,null,null
Thu Jul 30 12:00:03 UTC 2015,false,845,null,null,null
Thu Jul 30 12:00:03 UTC 2015,true,880,null,null,null
Thu Jul 30 13:00:03 UTC 2015,false,712,null,null,null
Thu Jul 30 13:00:03 UTC 2015,true,825,null,null,null
Thu Jul 30 14:00:03 UTC 2015,false,990,null,null,null
Thu Jul 30 14:00:03 UTC 2015,true,1093,null,null,null
Thu Jul 30 15:00:03 UTC 2015,false,967,"pti,pakistan,mqm,today,imran,commission,khan,govt,people,dharna","RT @husnain_javaid: Well done PTI Today in #KPLBE! U r the most popular party today and ppl dont want to loose u! But they expect better pe…|RT @iSupportPTI: #IKPressCon Right Now Going On In Lahore !! http://t.co/m21X3ffKZm @RabiaaPTI|RT @waqasbaig: So as #IK always said, its proven now that 2013 election was rigged by RO's under Iftikhar Dajjal. #ArrestROsForRigging #GoN…","ikpresscon,pti,kpkupdates,nayakp,pakistan,yakubhanged,arrestrosforrigging,ptisaysorrystayseated,naakragroimrankhan,mqm"
Thu Jul 30 15:00:03 UTC 2015,true,1116,"pti,khan,pakistan,rigging,govt,commission,chairman,imran,report,government","@AnsarAAbbasi  Wen U n ur Media group call PTI Pasha or TTP Party its fine   BUT wen we call U Lifafa or Patwari its not right,hummmmm|RT @TaimoorKhanN: PTI should say sorry for fighting against corrupt status quo? Lanaat on patwaris  #PTISaySorryStaySeated|RT @PTIofficial: Government should investigate the allegations of army involvement in PTI sit-in #IKPressCon","ikpresscon,pti,arrestrosforrigging,kpkupdates,nayakp,gonawazgo,mrbeansupportsayan,pakistan,byebyepti,naakragroimrankhan"
Thu Jul 30 16:00:03 UTC 2015,false,912,null,null,null
Thu Jul 30 16:00:03 UTC 2015,true,827,null,null,null
Thu Jul 30 17:00:03 UTC 2015,false,784,null,null,null
Thu Jul 30 17:00:03 UTC 2015,true,822,null,null,null
Thu Jul 30 18:00:03 UTC 2015,false,963,null,null,null
Thu Jul 30 18:00:03 UTC 2015,true,916,null,null,null
Thu Jul 30 19:00:03 UTC 2015,false,601,null,null,null
Thu Jul 30 19:00:03 UTC 2015,true,892,null,null,null
Thu Jul 30 20:00:03 UTC 2015,false,600,null,null,null
Thu Jul 30 20:00:03 UTC 2015,true,579,null,null,null
Thu Jul 30 21:00:03 UTC 2015,false,343,null,null,null
Thu Jul 30 21:00:03 UTC 2015,true,388,null,null,null
Thu Jul 30 22:00:03 UTC 2015,false,198,null,null,null
Thu Jul 30 22:00:03 UTC 2015,true,269,null,null,null
Thu Jul 30 23:00:03 UTC 2015,false,167,null,null,null
Thu Jul 30 23:00:03 UTC 2015,true,154,null,null,null
Fri Jul 31 00:00:03 UTC 2015,false,143,null,null,null
Fri Jul 31 00:00:03 UTC 2015,true,130,null,null,null
Fri Jul 31 01:00:03 UTC 2015,false,93,null,null,null
Fri Jul 31 01:00:03 UTC 2015,true,130,null,null,null
Fri Jul 31 02:00:03 UTC 2015,false,174,null,null,null
Fri Jul 31 02:00:03 UTC 2015,true,116,null,null,null
Fri Jul 31 03:00:03 UTC 2015,false,107,null,null,null
Fri Jul 31 03:00:03 UTC 2015,true,129,null,null,null
Fri Jul 31 04:00:03 UTC 2015,false,201,null,null,null
Fri Jul 31 04:00:03 UTC 2015,true,241,null,null,null
Fri Jul 31 05:00:03 UTC 2015,false,465,null,null,null
Fri Jul 31 05:00:03 UTC 2015,true,388,null,null,null
Fri Jul 31 06:00:03 UTC 2015,false,529,null,null,null
Fri Jul 31 06:00:03 UTC 2015,true,710,null,null,null
Fri Jul 31 07:00:03 UTC 2015,false,614,null,null,null
Fri Jul 31 07:00:03 UTC 2015,true,680,null,null,null
Fri Jul 31 08:00:03 UTC 2015,false,433,null,null,null
Fri Jul 31 08:00:03 UTC 2015,true,650,null,null,null
Fri Jul 31 09:00:03 UTC 2015,false,721,null,null,null
Fri Jul 31 09:00:03 UTC 2015,true,849,null,null,null
Fri Jul 31 10:00:03 UTC 2015,false,676,null,null,null
Fri Jul 31 10:00:03 UTC 2015,true,638,null,null,null
Fri Jul 31 11:00:03 UTC 2015,false,592,null,null,null
Fri Jul 31 11:00:03 UTC 2015,true,637,null,null,null
Fri Jul 31 12:00:03 UTC 2015,false,502,null,null,null
Fri Jul 31 12:00:03 UTC 2015,true,534,null,null,null
Fri Jul 31 13:00:03 UTC 2015,false,478,null,null,null
Fri Jul 31 13:00:03 UTC 2015,true,728,null,null,null
Fri Jul 31 14:00:03 UTC 2015,false,428,null,null,null
Fri Jul 31 14:00:03 UTC 2015,true,518,null,null,null
Fri Jul 31 15:00:03 UTC 2015,false,625,null,null,null
Fri Jul 31 15:00:03 UTC 2015,true,630,null,null,null
Fri Jul 31 16:00:03 UTC 2015,false,728,null,null,null
Fri Jul 31 16:00:03 UTC 2015,true,640,null,null,null
Fri Jul 31 17:00:03 UTC 2015,false,522,null,null,null
Fri Jul 31 17:00:03 UTC 2015,true,495,null,null,null
Fri Jul 31 18:00:03 UTC 2015,false,429,null,null,null
Fri Jul 31 18:00:03 UTC 2015,true,1434,null,null,null
